2025-11-10 21:34:28,612 INFO o.a.j.u.JMeterUtils: Setting Locale to en_EN
2025-11-10 21:34:28,629 INFO o.a.j.JMeter: Loading user properties from: /opt/homebrew/Cellar/jmeter/5.6.3/libexec/bin/user.properties
2025-11-10 21:34:28,630 INFO o.a.j.JMeter: Loading system properties from: /opt/homebrew/Cellar/jmeter/5.6.3/libexec/bin/system.properties
2025-11-10 21:34:28,634 INFO o.a.j.JMeter: Copyright (c) 1998-2024 The Apache Software Foundation
2025-11-10 21:34:28,634 INFO o.a.j.JMeter: Version 5.6.3
2025-11-10 21:34:28,634 INFO o.a.j.JMeter: java.version=21.0.9
2025-11-10 21:34:28,634 INFO o.a.j.JMeter: java.vm.name=OpenJDK 64-Bit Server VM
2025-11-10 21:34:28,634 INFO o.a.j.JMeter: os.name=Mac OS X
2025-11-10 21:34:28,634 INFO o.a.j.JMeter: os.arch=aarch64
2025-11-10 21:34:28,634 INFO o.a.j.JMeter: os.version=15.6.1
2025-11-10 21:34:28,634 INFO o.a.j.JMeter: file.encoding=UTF-8
2025-11-10 21:34:28,634 INFO o.a.j.JMeter: java.awt.headless=true
2025-11-10 21:34:28,634 INFO o.a.j.JMeter: Max memory     =1073741824
2025-11-10 21:34:28,634 INFO o.a.j.JMeter: Available Processors =8
2025-11-10 21:34:28,641 INFO o.a.j.JMeter: Default Locale=English (EN)
2025-11-10 21:34:28,641 INFO o.a.j.JMeter: JMeter  Locale=English (EN)
2025-11-10 21:34:28,641 INFO o.a.j.JMeter: JMeterHome=/opt/homebrew/Cellar/jmeter/5.6.3/libexec
2025-11-10 21:34:28,641 INFO o.a.j.JMeter: user.dir  =/Users/baegseoyeon/플라스크 배포
2025-11-10 21:34:28,641 INFO o.a.j.JMeter: PWD       =/Users/baegseoyeon/플라스크 배포
2025-11-10 21:34:28,643 INFO o.a.j.JMeter: IP: 127.0.0.1 Name: baegseoyeon-ui-MacBookAir.local FullName: localhost
2025-11-10 21:34:28,652 INFO o.a.j.s.FileServer: Default base='/Users/baegseoyeon/플라스크 배포'
2025-11-10 21:34:28,653 INFO o.a.j.s.FileServer: Set new base='/Users/baegseoyeon/플라스크 배포'
2025-11-10 21:34:28,765 INFO o.a.j.s.SaveService: Testplan (JMX) version: 2.2. Testlog (JTL) version: 2.2
2025-11-10 21:34:28,796 INFO o.a.j.s.SaveService: Using SaveService properties version 5.0
2025-11-10 21:34:28,798 INFO o.a.j.s.SaveService: Using SaveService properties file encoding UTF-8
2025-11-10 21:34:28,799 INFO o.a.j.s.SaveService: Loading file: healthybot-test-plan-full.jmx
2025-11-10 21:34:28,836 INFO o.a.j.p.h.s.HTTPSamplerBase: Parser for text/html is org.apache.jmeter.protocol.http.parser.LagartoBasedHtmlParser
2025-11-10 21:34:28,837 INFO o.a.j.p.h.s.HTTPSamplerBase: Parser for application/xhtml+xml is org.apache.jmeter.protocol.http.parser.LagartoBasedHtmlParser
2025-11-10 21:34:28,837 INFO o.a.j.p.h.s.HTTPSamplerBase: Parser for application/xml is org.apache.jmeter.protocol.http.parser.LagartoBasedHtmlParser
2025-11-10 21:34:28,837 INFO o.a.j.p.h.s.HTTPSamplerBase: Parser for text/xml is org.apache.jmeter.protocol.http.parser.LagartoBasedHtmlParser
2025-11-10 21:34:28,837 INFO o.a.j.p.h.s.HTTPSamplerBase: Parser for text/vnd.wap.wml is org.apache.jmeter.protocol.http.parser.RegexpHTMLParser
2025-11-10 21:34:28,837 INFO o.a.j.p.h.s.HTTPSamplerBase: Parser for text/css is org.apache.jmeter.protocol.http.parser.CssParser
2025-11-10 21:34:28,864 INFO o.a.j.JMeter: Creating summariser <summary>
2025-11-10 21:34:28,874 INFO o.a.j.e.StandardJMeterEngine: Running the test!
2025-11-10 21:34:28,874 INFO o.a.j.s.SampleEvent: List of sample_variables: []
2025-11-10 21:34:28,874 INFO o.a.j.s.SampleEvent: List of sample_variables: []
2025-11-10 21:34:28,876 INFO o.a.j.e.u.CompoundVariable: Note: Function class names must contain the string: '.functions.'
2025-11-10 21:34:28,877 INFO o.a.j.e.u.CompoundVariable: Note: Function class names must not contain the string: '.gui.'
2025-11-10 21:34:28,911 INFO o.a.j.r.ClassFinder: Will scan jar /opt/homebrew/Cellar/jmeter/5.6.3/libexec/lib/ext/jmeter-plugins-manager-1.9.jar with filter ExtendsClassFilter [parents=[interface org.apache.jmeter.functions.Function], inner=false, contains=null, notContains=null]. Consider exposing JMeter plugins via META-INF/services, and add JMeter-Skip-Class-Scanning=true manifest attribute so JMeter can skip classfile scanning
2025-11-10 21:34:28,959 INFO o.a.j.JMeter: Running test (1762778068959)
2025-11-10 21:34:28,968 INFO o.a.j.e.StandardJMeterEngine: Starting ThreadGroup: 1 : Warm-Up
2025-11-10 21:34:28,968 INFO o.a.j.e.StandardJMeterEngine: Starting 50 threads for group Warm-Up.
2025-11-10 21:34:28,968 INFO o.a.j.e.StandardJMeterEngine: Thread will continue on error
2025-11-10 21:34:28,968 INFO o.a.j.t.ThreadGroup: Starting thread group... number=1 threads=50 ramp-up=10 delayedStart=false
2025-11-10 21:34:28,972 INFO o.a.j.t.JMeterThread: Thread started: Warm-Up 1-1
2025-11-10 21:34:28,983 INFO o.a.j.p.h.s.HTTPHCAbstractImpl: Local host = baegseoyeon-ui-MacBookAir.local
2025-11-10 21:34:28,986 INFO o.a.j.t.ThreadGroup: Started thread group number 1
2025-11-10 21:34:28,986 INFO o.a.j.e.StandardJMeterEngine: Starting ThreadGroup: 2 : Ramp-Up
2025-11-10 21:34:28,986 INFO o.a.j.e.StandardJMeterEngine: Starting 200 threads for group Ramp-Up.
2025-11-10 21:34:28,986 INFO o.a.j.e.StandardJMeterEngine: Thread will continue on error
2025-11-10 21:34:28,986 INFO o.a.j.t.ThreadGroup: Starting thread group... number=2 threads=200 ramp-up=60 delayedStart=false
2025-11-10 21:34:28,986 INFO o.a.j.p.h.s.HTTPHC4Impl: HTTP request retry count = 0
2025-11-10 21:34:28,986 INFO o.a.j.t.JMeterThread: Thread started: Ramp-Up 2-1
2025-11-10 21:34:28,987 INFO o.a.j.s.SampleResult: Note: Sample TimeStamps are START times
2025-11-10 21:34:28,987 INFO o.a.j.s.SampleResult: sampleresult.default.encoding is set to UTF-8
2025-11-10 21:34:28,987 INFO o.a.j.s.SampleResult: sampleresult.useNanoTime=true
2025-11-10 21:34:28,987 INFO o.a.j.s.SampleResult: sampleresult.nanoThreadSleep=5000
2025-11-10 21:34:29,029 INFO o.a.j.t.ThreadGroup: Started thread group number 2
2025-11-10 21:34:29,029 INFO o.a.j.e.StandardJMeterEngine: Starting ThreadGroup: 3 : Burst
2025-11-10 21:34:29,029 INFO o.a.j.e.StandardJMeterEngine: Starting 500 threads for group Burst.
2025-11-10 21:34:29,029 INFO o.a.j.e.StandardJMeterEngine: Thread will continue on error
2025-11-10 21:34:29,029 INFO o.a.j.t.ThreadGroup: Starting thread group... number=3 threads=500 ramp-up=5 delayedStart=false
2025-11-10 21:34:29,029 INFO o.a.j.t.JMeterThread: Thread started: Burst 3-1
2025-11-10 21:34:29,042 INFO o.a.j.t.JMeterThread: Thread started: Burst 3-2
2025-11-10 21:34:29,054 INFO o.a.j.t.JMeterThread: Thread started: Burst 3-3
2025-11-10 21:34:29,064 INFO o.a.j.t.JMeterThread: Thread started: Burst 3-4
2025-11-10 21:34:29,075 INFO o.a.j.t.JMeterThread: Thread started: Burst 3-5
2025-11-10 21:34:29,085 INFO o.a.j.t.JMeterThread: Thread started: Burst 3-6
2025-11-10 21:34:29,095 INFO o.a.j.t.JMeterThread: Thread started: Burst 3-7
2025-11-10 21:34:29,106 INFO o.a.j.t.JMeterThread: Thread started: Burst 3-8
2025-11-10 21:34:29,114 INFO o.a.j.t.JMeterThread: Thread started: Burst 3-9
2025-11-10 21:34:29,121 INFO o.a.j.t.JMeterThread: Thread started: Burst 3-10
2025-11-10 21:34:29,135 INFO o.a.j.t.JMeterThread: Thread started: Burst 3-11
2025-11-10 21:34:29,144 INFO o.a.j.t.JMeterThread: Thread started: Burst 3-12
2025-11-10 21:34:29,154 INFO o.a.j.t.JMeterThread: Thread started: Burst 3-13
2025-11-10 21:34:29,165 INFO o.a.j.t.JMeterThread: Thread started: Burst 3-14
2025-11-10 21:34:29,172 INFO o.a.j.t.JMeterThread: Thread started: Burst 3-15
2025-11-10 21:34:29,174 INFO o.a.j.t.JMeterThread: Thread started: Warm-Up 1-2
2025-11-10 21:34:29,185 INFO o.a.j.t.JMeterThread: Thread started: Burst 3-16
2025-11-10 21:34:29,195 INFO o.a.j.t.JMeterThread: Thread started: Burst 3-17
2025-11-10 21:34:29,205 INFO o.a.j.t.JMeterThread: Thread started: Burst 3-18
2025-11-10 21:34:29,212 INFO o.a.j.t.JMeterThread: Thread started: Burst 3-19
2025-11-10 21:34:29,224 INFO o.a.j.t.JMeterThread: Thread started: Burst 3-20
2025-11-10 21:34:29,234 INFO o.a.j.t.JMeterThread: Thread started: Burst 3-21
2025-11-10 21:34:29,245 INFO o.a.j.t.JMeterThread: Thread started: Burst 3-22
2025-11-10 21:34:29,250 INFO o.a.j.t.JMeterThread: Thread started: Burst 3-23
2025-11-10 21:34:29,260 INFO o.a.j.t.JMeterThread: Thread started: Burst 3-24
2025-11-10 21:34:29,271 INFO o.a.j.t.ThreadGroup: Started thread group number 3
2025-11-10 21:34:29,271 INFO o.a.j.e.StandardJMeterEngine: Starting ThreadGroup: 4 : Soak
2025-11-10 21:34:29,271 INFO o.a.j.e.StandardJMeterEngine: Starting 150 threads for group Soak.
2025-11-10 21:34:29,271 INFO o.a.j.e.StandardJMeterEngine: Thread will continue on error
2025-11-10 21:34:29,271 INFO o.a.j.t.ThreadGroup: Starting thread group... number=4 threads=150 ramp-up=10 delayedStart=false
2025-11-10 21:34:29,272 INFO o.a.j.t.JMeterThread: Thread started: Soak 4-1
2025-11-10 21:34:29,275 INFO o.a.j.t.JMeterThread: Thread started: Burst 3-25
2025-11-10 21:34:29,284 INFO o.a.j.t.JMeterThread: Thread started: Burst 3-26
2025-11-10 21:34:29,288 INFO o.a.j.t.JMeterThread: Thread started: Ramp-Up 2-2
2025-11-10 21:34:29,295 INFO o.a.j.t.JMeterThread: Thread started: Burst 3-27
2025-11-10 21:34:29,305 INFO o.a.j.t.JMeterThread: Thread started: Burst 3-28
2025-11-10 21:34:29,315 INFO o.a.j.t.JMeterThread: Thread started: Burst 3-29
2025-11-10 21:34:29,326 INFO o.a.j.t.JMeterThread: Thread started: Burst 3-30
2025-11-10 21:34:29,334 INFO o.a.j.t.JMeterThread: Thread started: Burst 3-31
2025-11-10 21:34:29,344 INFO o.a.j.t.JMeterThread: Thread started: Burst 3-32
2025-11-10 21:34:29,345 INFO o.a.j.t.JMeterThread: Thread started: Soak 4-2
2025-11-10 21:34:29,357 INFO o.a.j.t.JMeterThread: Thread started: Burst 3-33
2025-11-10 21:34:29,360 INFO o.a.j.t.JMeterThread: Thread started: Burst 3-34
2025-11-10 21:34:29,374 INFO o.a.j.t.JMeterThread: Thread started: Warm-Up 1-3
2025-11-10 21:34:29,374 INFO o.a.j.t.JMeterThread: Thread started: Burst 3-35
2025-11-10 21:34:29,384 INFO o.a.j.t.JMeterThread: Thread started: Burst 3-36
2025-11-10 21:34:29,395 INFO o.a.j.t.JMeterThread: Thread started: Burst 3-37
2025-11-10 21:34:29,401 INFO o.a.j.t.JMeterThread: Thread started: Burst 3-38
2025-11-10 21:34:29,411 INFO o.a.j.t.JMeterThread: Thread started: Soak 4-3
2025-11-10 21:34:29,413 INFO o.a.j.t.JMeterThread: Thread started: Burst 3-39
2025-11-10 21:34:29,421 INFO o.a.j.t.JMeterThread: Thread started: Burst 3-40
2025-11-10 21:34:29,430 INFO o.a.j.t.JMeterThread: Thread started: Burst 3-41
2025-11-10 21:34:29,444 INFO o.a.j.t.JMeterThread: Thread started: Burst 3-42
2025-11-10 21:34:29,455 INFO o.a.j.t.JMeterThread: Thread started: Burst 3-43
2025-11-10 21:34:29,462 INFO o.a.j.t.JMeterThread: Thread started: Burst 3-44
2025-11-10 21:34:29,474 INFO o.a.j.t.JMeterThread: Thread started: Soak 4-4
2025-11-10 21:34:29,474 INFO o.a.j.t.JMeterThread: Thread started: Burst 3-45
2025-11-10 21:34:29,484 INFO o.a.j.t.JMeterThread: Thread started: Burst 3-46
2025-11-10 21:34:29,494 INFO o.a.j.t.JMeterThread: Thread started: Burst 3-47
2025-11-10 21:34:29,504 INFO o.a.j.t.JMeterThread: Thread started: Burst 3-48
2025-11-10 21:34:29,515 INFO o.a.j.t.JMeterThread: Thread started: Burst 3-49
2025-11-10 21:34:29,524 INFO o.a.j.t.JMeterThread: Thread started: Burst 3-50
2025-11-10 21:34:29,533 INFO o.a.j.t.JMeterThread: Thread started: Burst 3-51
2025-11-10 21:34:29,541 INFO o.a.j.t.JMeterThread: Thread started: Soak 4-5
2025-11-10 21:34:29,544 INFO o.a.j.t.JMeterThread: Thread started: Burst 3-52
2025-11-10 21:34:29,555 INFO o.a.j.t.JMeterThread: Thread started: Burst 3-53
2025-11-10 21:34:29,561 INFO o.a.j.t.JMeterThread: Thread started: Burst 3-54
2025-11-10 21:34:29,575 INFO o.a.j.t.JMeterThread: Thread started: Warm-Up 1-4
2025-11-10 21:34:29,575 INFO o.a.j.t.JMeterThread: Thread started: Burst 3-55
2025-11-10 21:34:29,584 INFO o.a.j.t.JMeterThread: Thread started: Burst 3-56
2025-11-10 21:34:29,590 INFO o.a.j.t.JMeterThread: Thread started: Ramp-Up 2-3
2025-11-10 21:34:29,590 INFO o.a.j.t.JMeterThread: Thread started: Burst 3-57
2025-11-10 21:34:29,605 INFO o.a.j.t.JMeterThread: Thread started: Burst 3-58
2025-11-10 21:34:29,612 INFO o.a.j.t.JMeterThread: Thread started: Soak 4-6
2025-11-10 21:34:29,615 INFO o.a.j.t.JMeterThread: Thread started: Burst 3-59
2025-11-10 21:34:29,624 INFO o.a.j.t.JMeterThread: Thread started: Burst 3-60
2025-11-10 21:34:29,634 INFO o.a.j.t.JMeterThread: Thread started: Burst 3-61
2025-11-10 21:34:29,644 INFO o.a.j.t.JMeterThread: Thread started: Burst 3-62
2025-11-10 21:34:29,654 INFO o.a.j.t.ThreadGroup: Started thread group number 4
2025-11-10 21:34:29,655 INFO o.a.j.e.StandardJMeterEngine: Starting ThreadGroup: 5 : Cooldown
2025-11-10 21:34:29,654 INFO o.a.j.t.JMeterThread: Thread started: Burst 3-63
2025-11-10 21:34:29,655 INFO o.a.j.e.StandardJMeterEngine: Starting 30 threads for group Cooldown.
2025-11-10 21:34:29,655 INFO o.a.j.e.StandardJMeterEngine: Thread will continue on error
2025-11-10 21:34:29,655 INFO o.a.j.t.ThreadGroup: Starting thread group... number=5 threads=30 ramp-up=10 delayedStart=false
2025-11-10 21:34:29,655 INFO o.a.j.t.JMeterThread: Thread started: Cooldown 5-1
2025-11-10 21:34:29,662 INFO o.a.j.t.JMeterThread: Thread started: Burst 3-64
2025-11-10 21:34:29,669 INFO o.a.j.t.ThreadGroup: Started thread group number 5
2025-11-10 21:34:29,669 INFO o.a.j.e.StandardJMeterEngine: All thread groups have been started
2025-11-10 21:34:29,675 INFO o.a.j.t.JMeterThread: Thread started: Burst 3-65
2025-11-10 21:34:29,680 INFO o.a.j.t.JMeterThread: Thread started: Soak 4-7
2025-11-10 21:34:29,682 INFO o.a.j.t.JMeterThread: Thread started: Burst 3-66
2025-11-10 21:34:29,692 INFO o.a.j.t.JMeterThread: Thread started: Burst 3-67
2025-11-10 21:34:29,705 INFO o.a.j.t.JMeterThread: Thread started: Burst 3-68
2025-11-10 21:34:29,715 INFO o.a.j.t.JMeterThread: Thread started: Burst 3-69
2025-11-10 21:34:29,725 INFO o.a.j.t.JMeterThread: Thread started: Burst 3-70
2025-11-10 21:34:29,734 INFO o.a.j.t.JMeterThread: Thread started: Burst 3-71
2025-11-10 21:34:29,743 INFO o.a.j.t.JMeterThread: Thread started: Burst 3-72
2025-11-10 21:34:29,746 INFO o.a.j.t.JMeterThread: Thread started: Soak 4-8
2025-11-10 21:34:29,754 INFO o.a.j.t.JMeterThread: Thread started: Burst 3-73
2025-11-10 21:34:29,765 INFO o.a.j.t.JMeterThread: Thread started: Burst 3-74
2025-11-10 21:34:29,774 INFO o.a.j.t.JMeterThread: Thread started: Warm-Up 1-5
2025-11-10 21:34:29,774 INFO o.a.j.t.JMeterThread: Thread started: Burst 3-75
2025-11-10 21:34:29,784 INFO o.a.j.t.JMeterThread: Thread started: Burst 3-76
2025-11-10 21:34:29,795 INFO o.a.j.t.JMeterThread: Thread started: Burst 3-77
2025-11-10 21:34:29,800 INFO o.a.j.t.JMeterThread: Thread started: Burst 3-78
2025-11-10 21:34:29,813 INFO o.a.j.t.JMeterThread: Thread started: Soak 4-9
2025-11-10 21:34:29,814 INFO o.a.j.t.JMeterThread: Thread started: Burst 3-79
2025-11-10 21:34:29,824 INFO o.a.j.t.JMeterThread: Thread started: Burst 3-80
2025-11-10 21:34:29,835 INFO o.a.j.t.JMeterThread: Thread started: Burst 3-81
2025-11-10 21:34:29,844 INFO o.a.j.t.JMeterThread: Thread started: Burst 3-82
2025-11-10 21:34:29,849 INFO o.a.j.t.JMeterThread: Thread started: Burst 3-83
2025-11-10 21:34:29,863 INFO o.a.j.t.JMeterThread: Thread started: Burst 3-84
2025-11-10 21:34:29,873 INFO o.a.j.t.JMeterThread: Thread started: Burst 3-85
2025-11-10 21:34:29,880 INFO o.a.j.t.JMeterThread: Thread started: Soak 4-10
2025-11-10 21:34:29,885 INFO o.a.j.t.JMeterThread: Thread started: Burst 3-86
2025-11-10 21:34:29,891 INFO o.a.j.t.JMeterThread: Thread started: Burst 3-87
2025-11-10 21:34:29,891 INFO o.a.j.t.JMeterThread: Thread started: Ramp-Up 2-4
2025-11-10 21:34:29,902 INFO o.a.j.t.JMeterThread: Thread started: Burst 3-88
2025-11-10 21:34:29,915 INFO o.a.j.t.JMeterThread: Thread started: Burst 3-89
2025-11-10 21:34:29,920 INFO o.a.j.t.JMeterThread: Thread started: Burst 3-90
2025-11-10 21:34:29,929 INFO o.a.j.t.JMeterThread: Thread started: Burst 3-91
2025-11-10 21:34:29,942 INFO o.a.j.t.JMeterThread: Thread started: Burst 3-92
2025-11-10 21:34:29,947 INFO o.a.j.t.JMeterThread: Thread started: Soak 4-11
2025-11-10 21:34:29,954 INFO o.a.j.t.JMeterThread: Thread started: Burst 3-93
2025-11-10 21:34:29,962 INFO o.a.j.t.JMeterThread: Thread started: Burst 3-94
2025-11-10 21:34:29,969 INFO o.a.j.t.JMeterThread: Thread started: Burst 3-95
2025-11-10 21:34:29,974 INFO o.a.j.t.JMeterThread: Thread started: Warm-Up 1-6
2025-11-10 21:34:29,980 INFO o.a.j.t.JMeterThread: Thread started: Burst 3-96
2025-11-10 21:34:29,993 INFO o.a.j.t.JMeterThread: Thread started: Burst 3-97
2025-11-10 21:34:29,993 INFO o.a.j.t.JMeterThread: Thread started: Cooldown 5-2
2025-11-10 21:34:30,001 INFO o.a.j.r.Summariser: summary +  11138 in 00:00:01 = 10699.3/s Avg:     2 Min:     0 Max:   314 Err: 11138 (100.00%) Active: 120 Started: 120 Finished: 0
2025-11-10 21:34:30,004 INFO o.a.j.t.JMeterThread: Thread started: Burst 3-98
2025-11-10 21:34:30,014 INFO o.a.j.t.JMeterThread: Thread started: Soak 4-12
2025-11-10 21:34:30,014 INFO o.a.j.t.JMeterThread: Thread started: Burst 3-99
2025-11-10 21:34:30,023 INFO o.a.j.t.JMeterThread: Thread started: Burst 3-100
2025-11-10 21:34:30,031 INFO o.a.j.t.JMeterThread: Thread started: Burst 3-101
2025-11-10 21:34:30,041 INFO o.a.j.t.JMeterThread: Thread started: Burst 3-102
2025-11-10 21:34:30,050 INFO o.a.j.t.JMeterThread: Thread started: Burst 3-103
2025-11-10 21:34:30,060 INFO o.a.j.t.JMeterThread: Thread started: Burst 3-104
2025-11-10 21:34:30,072 INFO o.a.j.t.JMeterThread: Thread started: Burst 3-105
2025-11-10 21:34:30,081 INFO o.a.j.t.JMeterThread: Thread started: Soak 4-13
2025-11-10 21:34:30,081 INFO o.a.j.t.JMeterThread: Thread started: Burst 3-106
2025-11-10 21:34:30,093 INFO o.a.j.t.JMeterThread: Thread started: Burst 3-107
2025-11-10 21:34:30,104 INFO o.a.j.t.JMeterThread: Thread started: Burst 3-108
2025-11-10 21:34:30,115 INFO o.a.j.t.JMeterThread: Thread started: Burst 3-109
2025-11-10 21:34:30,121 INFO o.a.j.t.JMeterThread: Thread started: Burst 3-110
2025-11-10 21:34:30,134 INFO o.a.j.t.JMeterThread: Thread started: Burst 3-111
2025-11-10 21:34:30,144 INFO o.a.j.t.JMeterThread: Thread started: Burst 3-112
2025-11-10 21:34:30,146 INFO o.a.j.t.JMeterThread: Thread started: Soak 4-14
2025-11-10 21:34:30,154 INFO o.a.j.t.JMeterThread: Thread started: Burst 3-113
2025-11-10 21:34:30,161 INFO o.a.j.t.JMeterThread: Thread started: Burst 3-114
2025-11-10 21:34:30,170 INFO o.a.j.t.JMeterThread: Thread started: Burst 3-115
2025-11-10 21:34:30,172 INFO o.a.j.t.JMeterThread: Thread started: Warm-Up 1-7
2025-11-10 21:34:30,182 INFO o.a.j.t.JMeterThread: Thread started: Burst 3-116
2025-11-10 21:34:30,192 INFO o.a.j.t.JMeterThread: Thread started: Ramp-Up 2-5
2025-11-10 21:34:30,192 INFO o.a.j.t.JMeterThread: Thread started: Burst 3-117
2025-11-10 21:34:30,199 INFO o.a.j.t.JMeterThread: Thread started: Burst 3-118
2025-11-10 21:34:30,214 INFO o.a.j.t.JMeterThread: Thread started: Burst 3-119
2025-11-10 21:34:30,215 INFO o.a.j.t.JMeterThread: Thread started: Soak 4-15
2025-11-10 21:34:30,221 INFO o.a.j.t.JMeterThread: Thread started: Burst 3-120
2025-11-10 21:34:30,234 INFO o.a.j.t.JMeterThread: Thread started: Burst 3-121
2025-11-10 21:34:30,244 INFO o.a.j.t.JMeterThread: Thread started: Burst 3-122
2025-11-10 21:34:30,250 INFO o.a.j.t.JMeterThread: Thread started: Burst 3-123
2025-11-10 21:34:30,265 INFO o.a.j.t.JMeterThread: Thread started: Burst 3-124
2025-11-10 21:34:30,272 INFO o.a.j.t.JMeterThread: Thread started: Burst 3-125
2025-11-10 21:34:30,282 INFO o.a.j.t.JMeterThread: Thread started: Soak 4-16
2025-11-10 21:34:30,285 INFO o.a.j.t.JMeterThread: Thread started: Burst 3-126
2025-11-10 21:34:30,293 INFO o.a.j.t.JMeterThread: Thread started: Burst 3-127
2025-11-10 21:34:30,304 INFO o.a.j.t.JMeterThread: Thread started: Burst 3-128
2025-11-10 21:34:30,312 INFO o.a.j.t.JMeterThread: Thread started: Burst 3-129
2025-11-10 21:34:30,323 INFO o.a.j.t.JMeterThread: Thread started: Burst 3-130
2025-11-10 21:34:30,326 INFO o.a.j.t.JMeterThread: Thread started: Cooldown 5-3
2025-11-10 21:34:30,335 INFO o.a.j.t.JMeterThread: Thread started: Burst 3-131
2025-11-10 21:34:30,344 INFO o.a.j.t.JMeterThread: Thread started: Burst 3-132
2025-11-10 21:34:30,349 INFO o.a.j.t.JMeterThread: Thread started: Soak 4-17
2025-11-10 21:34:30,353 INFO o.a.j.t.JMeterThread: Thread started: Burst 3-133
2025-11-10 21:34:30,364 INFO o.a.j.t.JMeterThread: Thread started: Burst 3-134
2025-11-10 21:34:30,374 INFO o.a.j.t.JMeterThread: Thread started: Warm-Up 1-8
2025-11-10 21:34:30,374 INFO o.a.j.t.JMeterThread: Thread started: Burst 3-135
2025-11-10 21:34:30,386 INFO o.a.j.t.JMeterThread: Thread started: Burst 3-136
2025-11-10 21:34:30,394 INFO o.a.j.t.JMeterThread: Thread started: Burst 3-137
2025-11-10 21:34:30,404 INFO o.a.j.t.JMeterThread: Thread started: Burst 3-138
2025-11-10 21:34:30,415 INFO o.a.j.t.JMeterThread: Thread started: Burst 3-139
2025-11-10 21:34:30,416 INFO o.a.j.t.JMeterThread: Thread started: Soak 4-18
2025-11-10 21:34:30,422 INFO o.a.j.t.JMeterThread: Thread started: Burst 3-140
2025-11-10 21:34:30,436 INFO o.a.j.t.JMeterThread: Thread started: Burst 3-141
2025-11-10 21:34:30,444 INFO o.a.j.t.JMeterThread: Thread started: Burst 3-142
2025-11-10 21:34:30,454 INFO o.a.j.t.JMeterThread: Thread started: Burst 3-143
2025-11-10 21:34:30,465 INFO o.a.j.t.JMeterThread: Thread started: Burst 3-144
2025-11-10 21:34:30,475 INFO o.a.j.t.JMeterThread: Thread started: Burst 3-145
2025-11-10 21:34:30,484 INFO o.a.j.t.JMeterThread: Thread started: Soak 4-19
2025-11-10 21:34:30,486 INFO o.a.j.t.JMeterThread: Thread started: Burst 3-146
2025-11-10 21:34:30,491 INFO o.a.j.t.JMeterThread: Thread started: Ramp-Up 2-6
2025-11-10 21:34:30,500 INFO o.a.j.t.JMeterThread: Thread started: Burst 3-147
2025-11-10 21:34:30,505 INFO o.a.j.t.JMeterThread: Thread started: Burst 3-148
2025-11-10 21:34:30,515 INFO o.a.j.t.JMeterThread: Thread started: Burst 3-149
2025-11-10 21:34:30,527 INFO o.a.j.t.JMeterThread: Thread started: Burst 3-150
2025-11-10 21:34:30,532 INFO o.a.j.t.JMeterThread: Thread started: Burst 3-151
2025-11-10 21:34:30,547 INFO o.a.j.t.JMeterThread: Thread started: Burst 3-152
2025-11-10 21:34:30,550 INFO o.a.j.t.JMeterThread: Thread started: Soak 4-20
2025-11-10 21:34:30,552 INFO o.a.j.t.JMeterThread: Thread started: Burst 3-153
2025-11-10 21:34:30,566 INFO o.a.j.t.JMeterThread: Thread started: Burst 3-154
2025-11-10 21:34:30,574 INFO o.a.j.t.JMeterThread: Thread started: Warm-Up 1-9
2025-11-10 21:34:30,577 INFO o.a.j.t.JMeterThread: Thread started: Burst 3-155
2025-11-10 21:34:30,587 INFO o.a.j.t.JMeterThread: Thread started: Burst 3-156
2025-11-10 21:34:30,596 INFO o.a.j.t.JMeterThread: Thread started: Burst 3-157
2025-11-10 21:34:30,600 INFO o.a.j.t.JMeterThread: Thread started: Burst 3-158
2025-11-10 21:34:30,615 INFO o.a.j.t.JMeterThread: Thread started: Burst 3-159
2025-11-10 21:34:30,615 INFO o.a.j.t.JMeterThread: Thread started: Soak 4-21
2025-11-10 21:34:30,628 INFO o.a.j.t.JMeterThread: Thread started: Burst 3-160
2025-11-10 21:34:30,634 INFO o.a.j.t.JMeterThread: Thread started: Burst 3-161
2025-11-10 21:34:30,645 INFO o.a.j.t.JMeterThread: Thread started: Burst 3-162
2025-11-10 21:34:30,654 INFO o.a.j.t.JMeterThread: Thread started: Burst 3-163
2025-11-10 21:34:30,660 INFO o.a.j.t.JMeterThread: Thread started: Cooldown 5-4
2025-11-10 21:34:30,665 INFO o.a.j.t.JMeterThread: Thread started: Burst 3-164
2025-11-10 21:34:30,671 INFO o.a.j.t.JMeterThread: Thread started: Burst 3-165
2025-11-10 21:34:30,685 INFO o.a.j.t.JMeterThread: Thread started: Soak 4-22
2025-11-10 21:34:30,685 INFO o.a.j.t.JMeterThread: Thread started: Burst 3-166
2025-11-10 21:34:30,696 INFO o.a.j.t.JMeterThread: Thread started: Burst 3-167
2025-11-10 21:34:30,709 INFO o.a.j.t.JMeterThread: Thread started: Burst 3-168
2025-11-10 21:34:30,715 INFO o.a.j.t.JMeterThread: Thread started: Burst 3-169
2025-11-10 21:34:30,723 INFO o.a.j.t.JMeterThread: Thread started: Burst 3-170
2025-11-10 21:34:30,735 INFO o.a.j.t.JMeterThread: Thread started: Burst 3-171
2025-11-10 21:34:30,744 INFO o.a.j.t.JMeterThread: Thread started: Burst 3-172
2025-11-10 21:34:30,752 INFO o.a.j.t.JMeterThread: Thread started: Soak 4-23
2025-11-10 21:34:30,754 INFO o.a.j.t.JMeterThread: Thread started: Burst 3-173
2025-11-10 21:34:30,766 INFO o.a.j.t.JMeterThread: Thread started: Burst 3-174
2025-11-10 21:34:30,774 INFO o.a.j.t.JMeterThread: Thread started: Burst 3-175
2025-11-10 21:34:30,774 INFO o.a.j.t.JMeterThread: Thread started: Warm-Up 1-10
2025-11-10 21:34:30,785 INFO o.a.j.t.JMeterThread: Thread started: Burst 3-176
2025-11-10 21:34:30,791 INFO o.a.j.t.JMeterThread: Thread started: Ramp-Up 2-7
2025-11-10 21:34:30,794 INFO o.a.j.t.JMeterThread: Thread started: Burst 3-177
2025-11-10 21:34:30,805 INFO o.a.j.t.JMeterThread: Thread started: Burst 3-178
2025-11-10 21:34:30,815 INFO o.a.j.t.JMeterThread: Thread started: Burst 3-179
2025-11-10 21:34:30,818 INFO o.a.j.t.JMeterThread: Thread started: Soak 4-24
2025-11-10 21:34:30,825 INFO o.a.j.t.JMeterThread: Thread started: Burst 3-180
2025-11-10 21:34:30,835 INFO o.a.j.t.JMeterThread: Thread started: Burst 3-181
2025-11-10 21:34:30,845 INFO o.a.j.t.JMeterThread: Thread started: Burst 3-182
2025-11-10 21:34:30,855 INFO o.a.j.t.JMeterThread: Thread started: Burst 3-183
2025-11-10 21:34:30,865 INFO o.a.j.t.JMeterThread: Thread started: Burst 3-184
2025-11-10 21:34:30,871 INFO o.a.j.t.JMeterThread: Thread started: Burst 3-185
2025-11-10 21:34:30,884 INFO o.a.j.t.JMeterThread: Thread started: Burst 3-186
2025-11-10 21:34:30,885 INFO o.a.j.t.JMeterThread: Thread started: Soak 4-25
2025-11-10 21:34:30,895 INFO o.a.j.t.JMeterThread: Thread started: Burst 3-187
2025-11-10 21:34:30,905 INFO o.a.j.t.JMeterThread: Thread started: Burst 3-188
2025-11-10 21:34:30,914 INFO o.a.j.t.JMeterThread: Thread started: Burst 3-189
2025-11-10 21:34:30,921 INFO o.a.j.t.JMeterThread: Thread started: Burst 3-190
2025-11-10 21:34:30,935 INFO o.a.j.t.JMeterThread: Thread started: Burst 3-191
2025-11-10 21:34:30,945 INFO o.a.j.t.JMeterThread: Thread started: Burst 3-192
2025-11-10 21:34:30,951 INFO o.a.j.t.JMeterThread: Thread started: Soak 4-26
2025-11-10 21:34:30,956 INFO o.a.j.t.JMeterThread: Thread started: Burst 3-193
2025-11-10 21:34:30,965 INFO o.a.j.t.JMeterThread: Thread started: Burst 3-194
2025-11-10 21:34:30,973 INFO o.a.j.t.JMeterThread: Thread started: Warm-Up 1-11
2025-11-10 21:34:30,974 INFO o.a.j.t.JMeterThread: Thread started: Burst 3-195
2025-11-10 21:34:30,985 INFO o.a.j.t.JMeterThread: Thread started: Burst 3-196
2025-11-10 21:34:30,990 INFO o.a.j.t.JMeterThread: Thread started: Burst 3-197
2025-11-10 21:34:30,993 INFO o.a.j.t.JMeterThread: Thread started: Cooldown 5-5
2025-11-10 21:34:31,003 INFO o.a.j.t.JMeterThread: Thread started: Burst 3-198
2025-11-10 21:34:31,014 INFO o.a.j.t.JMeterThread: Thread started: Burst 3-199
2025-11-10 21:34:31,015 INFO o.a.j.t.JMeterThread: Thread started: Soak 4-27
2025-11-10 21:34:31,023 INFO o.a.j.t.JMeterThread: Thread started: Burst 3-200
2025-11-10 21:34:31,031 INFO o.a.j.t.JMeterThread: Thread started: Burst 3-201
2025-11-10 21:34:31,045 INFO o.a.j.t.JMeterThread: Thread started: Burst 3-202
2025-11-10 21:34:31,053 INFO o.a.j.t.JMeterThread: Thread started: Burst 3-203
2025-11-10 21:34:31,065 INFO o.a.j.t.JMeterThread: Thread started: Burst 3-204
2025-11-10 21:34:31,075 INFO o.a.j.t.JMeterThread: Thread started: Burst 3-205
2025-11-10 21:34:31,081 INFO o.a.j.t.JMeterThread: Thread started: Soak 4-28
2025-11-10 21:34:31,084 INFO o.a.j.t.JMeterThread: Thread started: Burst 3-206
2025-11-10 21:34:31,089 INFO o.a.j.t.JMeterThread: Thread started: Ramp-Up 2-8
2025-11-10 21:34:31,110 INFO o.a.j.t.JMeterThread: Thread started: Burst 3-207
2025-11-10 21:34:31,112 INFO o.a.j.t.JMeterThread: Thread started: Burst 3-208
2025-11-10 21:34:31,113 INFO o.a.j.t.JMeterThread: Thread started: Burst 3-209
2025-11-10 21:34:31,123 INFO o.a.j.t.JMeterThread: Thread started: Burst 3-210
2025-11-10 21:34:31,136 INFO o.a.j.t.JMeterThread: Thread started: Burst 3-211
2025-11-10 21:34:31,146 INFO o.a.j.t.JMeterThread: Thread started: Burst 3-212
2025-11-10 21:34:31,152 INFO o.a.j.t.JMeterThread: Thread started: Soak 4-29
2025-11-10 21:34:31,155 INFO o.a.j.t.JMeterThread: Thread started: Burst 3-213
2025-11-10 21:34:31,168 INFO o.a.j.t.JMeterThread: Thread started: Burst 3-214
2025-11-10 21:34:31,175 INFO o.a.j.t.JMeterThread: Thread started: Warm-Up 1-12
2025-11-10 21:34:31,178 INFO o.a.j.t.JMeterThread: Thread started: Burst 3-215
2025-11-10 21:34:31,193 INFO o.a.j.t.JMeterThread: Thread started: Burst 3-216
2025-11-10 21:34:31,202 INFO o.a.j.t.JMeterThread: Thread started: Burst 3-217
2025-11-10 21:34:31,206 INFO o.a.j.t.JMeterThread: Thread started: Burst 3-218
2025-11-10 21:34:31,217 INFO o.a.j.t.JMeterThread: Thread started: Soak 4-30
2025-11-10 21:34:31,218 INFO o.a.j.t.JMeterThread: Thread started: Burst 3-219
2025-11-10 21:34:31,224 INFO o.a.j.t.JMeterThread: Thread started: Burst 3-220
2025-11-10 21:34:31,236 INFO o.a.j.t.JMeterThread: Thread started: Burst 3-221
2025-11-10 21:34:31,242 INFO o.a.j.t.JMeterThread: Thread started: Burst 3-222
2025-11-10 21:34:31,250 INFO o.a.j.t.JMeterThread: Thread started: Burst 3-223
2025-11-10 21:34:31,261 INFO o.a.j.t.JMeterThread: Thread started: Burst 3-224
2025-11-10 21:34:31,275 INFO o.a.j.t.JMeterThread: Thread started: Burst 3-225
2025-11-10 21:34:31,286 INFO o.a.j.t.JMeterThread: Thread started: Burst 3-226
2025-11-10 21:34:31,288 INFO o.a.j.t.JMeterThread: Thread started: Soak 4-31
2025-11-10 21:34:31,295 INFO o.a.j.t.JMeterThread: Thread started: Burst 3-227
2025-11-10 21:34:31,302 INFO o.a.j.t.JMeterThread: Thread started: Burst 3-228
2025-11-10 21:34:31,315 INFO o.a.j.t.JMeterThread: Thread started: Burst 3-229
2025-11-10 21:34:31,324 INFO o.a.j.t.JMeterThread: Thread started: Burst 3-230
2025-11-10 21:34:31,325 INFO o.a.j.t.JMeterThread: Thread started: Cooldown 5-6
2025-11-10 21:34:31,335 INFO o.a.j.t.JMeterThread: Thread started: Burst 3-231
2025-11-10 21:34:31,346 INFO o.a.j.t.JMeterThread: Thread started: Burst 3-232
2025-11-10 21:34:31,356 INFO o.a.j.t.JMeterThread: Thread started: Soak 4-32
2025-11-10 21:34:31,357 INFO o.a.j.t.JMeterThread: Thread started: Burst 3-233
2025-11-10 21:34:31,365 INFO o.a.j.t.JMeterThread: Thread started: Burst 3-234
2025-11-10 21:34:31,375 INFO o.a.j.t.JMeterThread: Thread started: Warm-Up 1-13
2025-11-10 21:34:31,377 INFO o.a.j.t.JMeterThread: Thread started: Burst 3-235
2025-11-10 21:34:31,387 INFO o.a.j.t.JMeterThread: Thread started: Burst 3-236
2025-11-10 21:34:31,392 INFO o.a.j.t.JMeterThread: Thread started: Ramp-Up 2-9
2025-11-10 21:34:31,396 INFO o.a.j.t.JMeterThread: Thread started: Burst 3-237
2025-11-10 21:34:31,406 INFO o.a.j.t.JMeterThread: Thread started: Burst 3-238
2025-11-10 21:34:31,415 INFO o.a.j.t.JMeterThread: Thread started: Burst 3-239
2025-11-10 21:34:31,417 INFO o.a.j.t.JMeterThread: Thread started: Soak 4-33
2025-11-10 21:34:31,425 INFO o.a.j.t.JMeterThread: Thread started: Burst 3-240
2025-11-10 21:34:31,436 INFO o.a.j.t.JMeterThread: Thread started: Burst 3-241
2025-11-10 21:34:31,445 INFO o.a.j.t.JMeterThread: Thread started: Burst 3-242
2025-11-10 21:34:31,450 INFO o.a.j.t.JMeterThread: Thread started: Burst 3-243
2025-11-10 21:34:31,462 INFO o.a.j.t.JMeterThread: Thread started: Burst 3-244
2025-11-10 21:34:31,475 INFO o.a.j.t.JMeterThread: Thread started: Burst 3-245
2025-11-10 21:34:31,483 INFO o.a.j.t.JMeterThread: Thread started: Burst 3-246
2025-11-10 21:34:31,489 INFO o.a.j.t.JMeterThread: Thread started: Soak 4-34
2025-11-10 21:34:31,496 INFO o.a.j.t.JMeterThread: Thread started: Burst 3-247
2025-11-10 21:34:31,505 INFO o.a.j.t.JMeterThread: Thread started: Burst 3-248
2025-11-10 21:34:31,516 INFO o.a.j.t.JMeterThread: Thread started: Burst 3-249
2025-11-10 21:34:31,524 INFO o.a.j.t.JMeterThread: Thread started: Burst 3-250
2025-11-10 21:34:31,537 INFO o.a.j.t.JMeterThread: Thread started: Burst 3-251
2025-11-10 21:34:31,544 INFO o.a.j.t.JMeterThread: Thread started: Burst 3-252
2025-11-10 21:34:31,557 INFO o.a.j.t.JMeterThread: Thread started: Burst 3-253
2025-11-10 21:34:31,557 INFO o.a.j.t.JMeterThread: Thread started: Soak 4-35
2025-11-10 21:34:31,567 INFO o.a.j.t.JMeterThread: Thread started: Burst 3-254
2025-11-10 21:34:31,576 INFO o.a.j.t.JMeterThread: Thread started: Warm-Up 1-14
2025-11-10 21:34:31,576 INFO o.a.j.t.JMeterThread: Thread started: Burst 3-255
2025-11-10 21:34:31,586 INFO o.a.j.t.JMeterThread: Thread started: Burst 3-256
2025-11-10 21:34:31,593 INFO o.a.j.t.JMeterThread: Thread started: Burst 3-257
2025-11-10 21:34:31,605 INFO o.a.j.t.JMeterThread: Thread started: Burst 3-258
2025-11-10 21:34:31,615 INFO o.a.j.t.JMeterThread: Thread started: Burst 3-259
2025-11-10 21:34:31,623 INFO o.a.j.t.JMeterThread: Thread started: Soak 4-36
2025-11-10 21:34:31,627 INFO o.a.j.t.JMeterThread: Thread started: Burst 3-260
2025-11-10 21:34:31,636 INFO o.a.j.t.JMeterThread: Thread started: Burst 3-261
2025-11-10 21:34:31,646 INFO o.a.j.t.JMeterThread: Thread started: Burst 3-262
2025-11-10 21:34:31,657 INFO o.a.j.t.JMeterThread: Thread started: Cooldown 5-7
2025-11-10 21:34:31,658 INFO o.a.j.t.JMeterThread: Thread started: Burst 3-263
2025-11-10 21:34:31,666 INFO o.a.j.t.JMeterThread: Thread started: Burst 3-264
2025-11-10 21:34:31,676 INFO o.a.j.t.JMeterThread: Thread started: Burst 3-265
2025-11-10 21:34:31,685 INFO o.a.j.t.JMeterThread: Thread started: Burst 3-266
2025-11-10 21:34:31,685 INFO o.a.j.t.JMeterThread: Thread started: Soak 4-37
2025-11-10 21:34:31,687 INFO o.a.j.t.JMeterThread: Thread started: Ramp-Up 2-10
2025-11-10 21:34:31,695 INFO o.a.j.t.JMeterThread: Thread started: Burst 3-267
2025-11-10 21:34:31,706 INFO o.a.j.t.JMeterThread: Thread started: Burst 3-268
2025-11-10 21:34:31,715 INFO o.a.j.t.JMeterThread: Thread started: Burst 3-269
2025-11-10 21:34:31,724 INFO o.a.j.t.JMeterThread: Thread started: Burst 3-270
2025-11-10 21:34:31,735 INFO o.a.j.t.JMeterThread: Thread started: Burst 3-271
2025-11-10 21:34:31,745 INFO o.a.j.t.JMeterThread: Thread started: Burst 3-272
2025-11-10 21:34:31,756 INFO o.a.j.t.JMeterThread: Thread started: Burst 3-273
2025-11-10 21:34:31,757 INFO o.a.j.t.JMeterThread: Thread started: Soak 4-38
2025-11-10 21:34:31,764 INFO o.a.j.t.JMeterThread: Thread started: Burst 3-274
2025-11-10 21:34:31,772 INFO o.a.j.t.JMeterThread: Thread started: Warm-Up 1-15
2025-11-10 21:34:31,775 INFO o.a.j.t.JMeterThread: Thread started: Burst 3-275
2025-11-10 21:34:31,784 INFO o.a.j.t.JMeterThread: Thread started: Burst 3-276
2025-11-10 21:34:31,795 INFO o.a.j.t.JMeterThread: Thread started: Burst 3-277
2025-11-10 21:34:31,800 INFO o.a.j.t.JMeterThread: Thread started: Burst 3-278
2025-11-10 21:34:31,815 INFO o.a.j.t.JMeterThread: Thread started: Burst 3-279
2025-11-10 21:34:31,820 INFO o.a.j.t.JMeterThread: Thread started: Burst 3-280
2025-11-10 21:34:31,823 INFO o.a.j.t.JMeterThread: Thread started: Soak 4-39
2025-11-10 21:34:31,831 INFO o.a.j.t.JMeterThread: Thread started: Burst 3-281
2025-11-10 21:34:31,844 INFO o.a.j.t.JMeterThread: Thread started: Burst 3-282
2025-11-10 21:34:31,850 INFO o.a.j.t.JMeterThread: Thread started: Burst 3-283
2025-11-10 21:34:31,864 INFO o.a.j.t.JMeterThread: Thread started: Burst 3-284
2025-11-10 21:34:31,874 INFO o.a.j.t.JMeterThread: Thread started: Burst 3-285
2025-11-10 21:34:31,884 INFO o.a.j.t.JMeterThread: Thread started: Burst 3-286
2025-11-10 21:34:31,890 INFO o.a.j.t.JMeterThread: Thread started: Soak 4-40
2025-11-10 21:34:31,894 INFO o.a.j.t.JMeterThread: Thread started: Burst 3-287
2025-11-10 21:34:31,905 INFO o.a.j.t.JMeterThread: Thread started: Burst 3-288
2025-11-10 21:34:31,914 INFO o.a.j.t.JMeterThread: Thread started: Burst 3-289
2025-11-10 21:34:31,923 INFO o.a.j.t.JMeterThread: Thread started: Burst 3-290
2025-11-10 21:34:31,934 INFO o.a.j.t.JMeterThread: Thread started: Burst 3-291
2025-11-10 21:34:31,944 INFO o.a.j.t.JMeterThread: Thread started: Burst 3-292
2025-11-10 21:34:31,953 INFO o.a.j.t.JMeterThread: Thread started: Burst 3-293
2025-11-10 21:34:31,958 INFO o.a.j.t.JMeterThread: Thread started: Soak 4-41
2025-11-10 21:34:31,964 INFO o.a.j.t.JMeterThread: Thread started: Burst 3-294
2025-11-10 21:34:31,972 INFO o.a.j.t.JMeterThread: Thread started: Burst 3-295
2025-11-10 21:34:31,975 INFO o.a.j.t.JMeterThread: Thread started: Warm-Up 1-16
2025-11-10 21:34:31,987 INFO o.a.j.t.JMeterThread: Thread started: Burst 3-296
2025-11-10 21:34:31,990 INFO o.a.j.t.JMeterThread: Thread started: Cooldown 5-8
2025-11-10 21:34:31,995 INFO o.a.j.t.JMeterThread: Thread started: Ramp-Up 2-11
2025-11-10 21:34:31,997 INFO o.a.j.t.JMeterThread: Thread started: Burst 3-297
2025-11-10 21:34:32,012 INFO o.a.j.t.JMeterThread: Thread started: Burst 3-298
2025-11-10 21:34:32,015 INFO o.a.j.t.JMeterThread: Thread started: Burst 3-299
2025-11-10 21:34:32,020 INFO o.a.j.t.JMeterThread: Thread started: Burst 3-300
2025-11-10 21:34:32,022 INFO o.a.j.t.JMeterThread: Thread started: Soak 4-42
2025-11-10 21:34:32,036 INFO o.a.j.t.JMeterThread: Thread started: Burst 3-301
2025-11-10 21:34:32,045 INFO o.a.j.t.JMeterThread: Thread started: Burst 3-302
2025-11-10 21:34:32,056 INFO o.a.j.t.JMeterThread: Thread started: Burst 3-303
2025-11-10 21:34:32,066 INFO o.a.j.t.JMeterThread: Thread started: Burst 3-304
2025-11-10 21:34:32,076 INFO o.a.j.t.JMeterThread: Thread started: Burst 3-305
2025-11-10 21:34:32,086 INFO o.a.j.t.JMeterThread: Thread started: Burst 3-306
2025-11-10 21:34:32,092 INFO o.a.j.t.JMeterThread: Thread started: Soak 4-43
2025-11-10 21:34:32,096 INFO o.a.j.t.JMeterThread: Thread started: Burst 3-307
2025-11-10 21:34:32,106 INFO o.a.j.t.JMeterThread: Thread started: Burst 3-308
2025-11-10 21:34:32,117 INFO o.a.j.t.JMeterThread: Thread started: Burst 3-309
2025-11-10 21:34:32,128 INFO o.a.j.t.JMeterThread: Thread started: Burst 3-310
2025-11-10 21:34:32,139 INFO o.a.j.t.JMeterThread: Thread started: Burst 3-311
2025-11-10 21:34:32,149 INFO o.a.j.t.JMeterThread: Thread started: Burst 3-312
2025-11-10 21:34:32,157 INFO o.a.j.t.JMeterThread: Thread started: Burst 3-313
2025-11-10 21:34:32,158 INFO o.a.j.t.JMeterThread: Thread started: Soak 4-44
2025-11-10 21:34:32,184 INFO o.a.j.t.JMeterThread: Thread started: Burst 3-316
2025-11-10 21:34:32,185 INFO o.a.j.t.JMeterThread: Thread started: Burst 3-315
2025-11-10 21:34:32,185 INFO o.a.j.t.JMeterThread: Thread started: Burst 3-314
2025-11-10 21:34:32,185 INFO o.a.j.t.JMeterThread: Thread started: Warm-Up 1-17
2025-11-10 21:34:32,196 INFO o.a.j.t.JMeterThread: Thread started: Burst 3-317
2025-11-10 21:34:32,202 INFO o.a.j.t.JMeterThread: Thread started: Burst 3-318
2025-11-10 21:34:32,214 INFO o.a.j.t.JMeterThread: Thread started: Burst 3-319
2025-11-10 21:34:32,225 INFO o.a.j.t.JMeterThread: Thread started: Soak 4-45
2025-11-10 21:34:32,225 INFO o.a.j.t.JMeterThread: Thread started: Burst 3-320
2025-11-10 21:34:32,235 INFO o.a.j.t.JMeterThread: Thread started: Burst 3-321
2025-11-10 21:34:32,243 INFO o.a.j.t.JMeterThread: Thread started: Burst 3-322
2025-11-10 21:34:32,257 INFO o.a.j.t.JMeterThread: Thread started: Burst 3-323
2025-11-10 21:34:32,268 INFO o.a.j.t.JMeterThread: Thread started: Burst 3-324
2025-11-10 21:34:32,278 INFO o.a.j.t.JMeterThread: Thread started: Burst 3-325
2025-11-10 21:34:32,288 INFO o.a.j.t.JMeterThread: Thread started: Burst 3-326
2025-11-10 21:34:32,293 INFO o.a.j.t.JMeterThread: Thread started: Soak 4-46
2025-11-10 21:34:32,293 INFO o.a.j.t.JMeterThread: Thread started: Ramp-Up 2-12
2025-11-10 21:34:32,298 INFO o.a.j.t.JMeterThread: Thread started: Burst 3-327
2025-11-10 21:34:32,308 INFO o.a.j.t.JMeterThread: Thread started: Burst 3-328
2025-11-10 21:34:32,319 INFO o.a.j.t.JMeterThread: Thread started: Burst 3-329
2025-11-10 21:34:32,322 INFO o.a.j.t.JMeterThread: Thread started: Cooldown 5-9
2025-11-10 21:34:32,328 INFO o.a.j.t.JMeterThread: Thread started: Burst 3-330
2025-11-10 21:34:32,337 INFO o.a.j.t.JMeterThread: Thread started: Burst 3-331
2025-11-10 21:34:32,347 INFO o.a.j.t.JMeterThread: Thread started: Burst 3-332
2025-11-10 21:34:32,354 INFO o.a.j.t.JMeterThread: Thread started: Soak 4-47
2025-11-10 21:34:32,356 INFO o.a.j.t.JMeterThread: Thread started: Burst 3-333
2025-11-10 21:34:32,359 INFO o.a.j.t.JMeterThread: Thread started: Burst 3-334
2025-11-10 21:34:32,374 INFO o.a.j.t.JMeterThread: Thread started: Burst 3-335
2025-11-10 21:34:32,375 INFO o.a.j.t.JMeterThread: Thread started: Warm-Up 1-18
2025-11-10 21:34:32,387 INFO o.a.j.t.JMeterThread: Thread started: Burst 3-336
2025-11-10 21:34:32,398 INFO o.a.j.t.JMeterThread: Thread started: Burst 3-337
2025-11-10 21:34:32,405 INFO o.a.j.t.JMeterThread: Thread started: Burst 3-338
2025-11-10 21:34:32,415 INFO o.a.j.t.JMeterThread: Thread started: Burst 3-339
2025-11-10 21:34:32,423 INFO o.a.j.t.JMeterThread: Thread started: Soak 4-48
2025-11-10 21:34:32,425 INFO o.a.j.t.JMeterThread: Thread started: Burst 3-340
2025-11-10 21:34:32,434 INFO o.a.j.t.JMeterThread: Thread started: Burst 3-341
2025-11-10 21:34:32,444 INFO o.a.j.t.JMeterThread: Thread started: Burst 3-342
2025-11-10 21:34:32,450 INFO o.a.j.t.JMeterThread: Thread started: Burst 3-343
2025-11-10 21:34:32,465 INFO o.a.j.t.JMeterThread: Thread started: Burst 3-344
2025-11-10 21:34:32,472 INFO o.a.j.t.JMeterThread: Thread started: Burst 3-345
2025-11-10 21:34:32,484 INFO o.a.j.t.JMeterThread: Thread started: Burst 3-346
2025-11-10 21:34:32,490 INFO o.a.j.t.JMeterThread: Thread started: Soak 4-49
2025-11-10 21:34:32,495 INFO o.a.j.t.JMeterThread: Thread started: Burst 3-347
2025-11-10 21:34:32,506 INFO o.a.j.t.JMeterThread: Thread started: Burst 3-348
2025-11-10 21:34:32,515 INFO o.a.j.t.JMeterThread: Thread started: Burst 3-349
2025-11-10 21:34:32,525 INFO o.a.j.t.JMeterThread: Thread started: Burst 3-350
2025-11-10 21:34:32,537 INFO o.a.j.t.JMeterThread: Thread started: Burst 3-351
2025-11-10 21:34:32,547 INFO o.a.j.t.JMeterThread: Thread started: Burst 3-352
2025-11-10 21:34:32,555 INFO o.a.j.t.JMeterThread: Thread started: Burst 3-353
2025-11-10 21:34:32,555 INFO o.a.j.t.JMeterThread: Thread started: Soak 4-50
2025-11-10 21:34:32,567 INFO o.a.j.t.JMeterThread: Thread started: Burst 3-354
2025-11-10 21:34:32,572 INFO o.a.j.t.JMeterThread: Thread started: Warm-Up 1-19
2025-11-10 21:34:32,580 INFO o.a.j.t.JMeterThread: Thread started: Burst 3-355
2025-11-10 21:34:32,587 INFO o.a.j.t.JMeterThread: Thread started: Burst 3-356
2025-11-10 21:34:32,588 INFO o.a.j.t.JMeterThread: Thread started: Ramp-Up 2-13
2025-11-10 21:34:32,598 INFO o.a.j.t.JMeterThread: Thread started: Burst 3-357
2025-11-10 21:34:32,608 INFO o.a.j.t.JMeterThread: Thread started: Burst 3-358
2025-11-10 21:34:32,614 INFO o.a.j.t.JMeterThread: Thread started: Burst 3-359
2025-11-10 21:34:32,627 INFO o.a.j.t.JMeterThread: Thread started: Soak 4-51
2025-11-10 21:34:32,628 INFO o.a.j.t.JMeterThread: Thread started: Burst 3-360
2025-11-10 21:34:32,639 INFO o.a.j.t.JMeterThread: Thread started: Burst 3-361
2025-11-10 21:34:32,647 INFO o.a.j.t.JMeterThread: Thread started: Burst 3-362
2025-11-10 21:34:32,657 INFO o.a.j.t.JMeterThread: Thread started: Burst 3-363
2025-11-10 21:34:32,657 INFO o.a.j.t.JMeterThread: Thread started: Cooldown 5-10
2025-11-10 21:34:32,664 INFO o.a.j.t.JMeterThread: Thread started: Burst 3-364
2025-11-10 21:34:32,677 INFO o.a.j.t.JMeterThread: Thread started: Burst 3-365
2025-11-10 21:34:32,686 INFO o.a.j.t.JMeterThread: Thread started: Burst 3-366
2025-11-10 21:34:32,697 INFO o.a.j.t.JMeterThread: Thread started: Soak 4-52
2025-11-10 21:34:32,698 INFO o.a.j.t.JMeterThread: Thread started: Burst 3-367
2025-11-10 21:34:32,706 INFO o.a.j.t.JMeterThread: Thread started: Burst 3-368
2025-11-10 21:34:32,714 INFO o.a.j.t.JMeterThread: Thread started: Burst 3-369
2025-11-10 21:34:32,724 INFO o.a.j.t.JMeterThread: Thread started: Burst 3-370
2025-11-10 21:34:32,734 INFO o.a.j.t.JMeterThread: Thread started: Burst 3-371
2025-11-10 21:34:32,747 INFO o.a.j.t.JMeterThread: Thread started: Burst 3-372
2025-11-10 21:34:32,782 INFO o.a.j.t.JMeterThread: Thread started: Warm-Up 1-20
2025-11-10 21:34:32,803 INFO o.a.j.t.JMeterThread: Thread started: Burst 3-377
2025-11-10 21:34:32,775 INFO o.a.j.t.JMeterThread: Thread started: Burst 3-374
2025-11-10 21:34:32,816 INFO o.a.j.t.JMeterThread: Thread started: Burst 3-378
2025-11-10 21:34:32,816 INFO o.a.j.t.JMeterThread: Thread started: Burst 3-379
2025-11-10 21:34:32,759 INFO o.a.j.t.JMeterThread: Thread started: Burst 3-373
2025-11-10 21:34:32,771 INFO o.a.j.t.JMeterThread: Thread started: Soak 4-53
2025-11-10 21:34:32,790 INFO o.a.j.t.JMeterThread: Thread started: Burst 3-376
2025-11-10 21:34:32,835 INFO o.a.j.t.JMeterThread: Thread started: Burst 3-380
2025-11-10 21:34:32,793 INFO o.a.j.t.JMeterThread: Thread started: Burst 3-375
2025-11-10 21:34:32,843 INFO o.a.j.t.JMeterThread: Thread started: Burst 3-381
2025-11-10 21:34:32,849 INFO o.a.j.t.JMeterThread: Thread started: Burst 3-382
2025-11-10 21:34:32,849 INFO o.a.j.t.JMeterThread: Thread started: Soak 4-54
2025-11-10 21:34:32,854 INFO o.a.j.t.JMeterThread: Thread started: Burst 3-383
2025-11-10 21:34:32,863 INFO o.a.j.t.JMeterThread: Thread started: Burst 3-384
2025-11-10 21:34:32,875 INFO o.a.j.t.JMeterThread: Thread started: Burst 3-385
2025-11-10 21:34:32,885 INFO o.a.j.t.JMeterThread: Thread started: Burst 3-386
2025-11-10 21:34:32,889 INFO o.a.j.t.JMeterThread: Thread started: Ramp-Up 2-14
2025-11-10 21:34:32,892 INFO o.a.j.t.JMeterThread: Thread started: Burst 3-387
2025-11-10 21:34:32,892 INFO o.a.j.t.JMeterThread: Thread started: Soak 4-55
2025-11-10 21:34:32,900 INFO o.a.j.t.JMeterThread: Thread started: Burst 3-388
2025-11-10 21:34:32,914 INFO o.a.j.t.JMeterThread: Thread started: Burst 3-389
2025-11-10 21:34:32,925 INFO o.a.j.t.JMeterThread: Thread started: Burst 3-390
2025-11-10 21:34:32,934 INFO o.a.j.t.JMeterThread: Thread started: Burst 3-391
2025-11-10 21:34:32,944 INFO o.a.j.t.JMeterThread: Thread started: Burst 3-392
2025-11-10 21:34:32,954 INFO o.a.j.t.JMeterThread: Thread started: Burst 3-393
2025-11-10 21:34:32,963 INFO o.a.j.t.JMeterThread: Thread started: Soak 4-56
2025-11-10 21:34:32,964 INFO o.a.j.t.JMeterThread: Thread started: Burst 3-394
2025-11-10 21:34:32,971 INFO o.a.j.t.JMeterThread: Thread started: Warm-Up 1-21
2025-11-10 21:34:32,975 INFO o.a.j.t.JMeterThread: Thread started: Burst 3-395
2025-11-10 21:34:32,984 INFO o.a.j.t.JMeterThread: Thread started: Burst 3-396
2025-11-10 21:34:32,990 INFO o.a.j.t.JMeterThread: Thread started: Cooldown 5-11
2025-11-10 21:34:32,990 INFO o.a.j.t.JMeterThread: Thread started: Burst 3-397
2025-11-10 21:34:33,004 INFO o.a.j.t.JMeterThread: Thread started: Burst 3-398
2025-11-10 21:34:33,014 INFO o.a.j.t.JMeterThread: Thread started: Burst 3-399
2025-11-10 21:34:33,022 INFO o.a.j.t.JMeterThread: Thread started: Burst 3-400
2025-11-10 21:34:33,030 INFO o.a.j.t.JMeterThread: Thread started: Soak 4-57
2025-11-10 21:34:33,035 INFO o.a.j.t.JMeterThread: Thread started: Burst 3-401
2025-11-10 21:34:33,042 INFO o.a.j.t.JMeterThread: Thread started: Burst 3-402
2025-11-10 21:34:33,059 INFO o.a.j.t.JMeterThread: Thread started: Burst 3-403
2025-11-10 21:34:33,064 INFO o.a.j.t.JMeterThread: Thread started: Burst 3-404
2025-11-10 21:34:33,074 INFO o.a.j.t.JMeterThread: Thread started: Burst 3-405
2025-11-10 21:34:33,086 INFO o.a.j.t.JMeterThread: Thread started: Burst 3-406
2025-11-10 21:34:33,094 INFO o.a.j.t.JMeterThread: Thread started: Soak 4-58
2025-11-10 21:34:33,096 INFO o.a.j.t.JMeterThread: Thread started: Burst 3-407
2025-11-10 21:34:33,105 INFO o.a.j.t.JMeterThread: Thread started: Burst 3-408
2025-11-10 21:34:33,115 INFO o.a.j.t.JMeterThread: Thread started: Burst 3-409
2025-11-10 21:34:33,123 INFO o.a.j.t.JMeterThread: Thread started: Burst 3-410
2025-11-10 21:34:33,135 INFO o.a.j.t.JMeterThread: Thread started: Burst 3-411
2025-11-10 21:34:33,142 INFO o.a.j.t.JMeterThread: Thread started: Burst 3-412
2025-11-10 21:34:33,155 INFO o.a.j.t.JMeterThread: Thread started: Burst 3-413
2025-11-10 21:34:33,165 INFO o.a.j.t.JMeterThread: Thread started: Soak 4-59
2025-11-10 21:34:33,174 INFO o.a.j.t.JMeterThread: Thread started: Burst 3-415
2025-11-10 21:34:33,175 INFO o.a.j.t.JMeterThread: Thread started: Warm-Up 1-22
2025-11-10 21:34:33,184 INFO o.a.j.t.JMeterThread: Thread started: Burst 3-416
2025-11-10 21:34:33,189 INFO o.a.j.t.JMeterThread: Thread started: Ramp-Up 2-15
2025-11-10 21:34:33,196 INFO o.a.j.t.JMeterThread: Thread started: Burst 3-417
2025-11-10 21:34:33,205 INFO o.a.j.t.JMeterThread: Thread started: Burst 3-418
2025-11-10 21:34:33,222 INFO o.a.j.t.JMeterThread: Thread started: Burst 3-420
2025-11-10 21:34:33,231 INFO o.a.j.t.JMeterThread: Thread started: Soak 4-60
2025-11-10 21:34:33,234 INFO o.a.j.t.JMeterThread: Thread started: Burst 3-421
2025-11-10 21:34:33,163 INFO o.a.j.t.JMeterThread: Thread started: Burst 3-414
2025-11-10 21:34:33,215 INFO o.a.j.t.JMeterThread: Thread started: Burst 3-419
2025-11-10 21:34:33,247 INFO o.a.j.t.JMeterThread: Thread started: Burst 3-422
2025-11-10 21:34:33,252 INFO o.a.j.t.JMeterThread: Thread started: Burst 3-423
2025-11-10 21:34:33,262 INFO o.a.j.t.JMeterThread: Thread started: Burst 3-424
2025-11-10 21:34:33,271 INFO o.a.j.t.JMeterThread: Thread started: Burst 3-425
2025-11-10 21:34:33,294 INFO o.a.j.t.JMeterThread: Thread started: Burst 3-427
2025-11-10 21:34:33,317 INFO o.a.j.t.JMeterThread: Thread started: Burst 3-429
2025-11-10 21:34:33,334 INFO o.a.j.t.JMeterThread: Thread started: Burst 3-431
2025-11-10 21:34:33,343 INFO o.a.j.t.JMeterThread: Thread started: Burst 3-432
2025-11-10 21:34:33,355 INFO o.a.j.t.JMeterThread: Thread started: Burst 3-433
2025-11-10 21:34:33,365 INFO o.a.j.t.JMeterThread: Thread started: Burst 3-434
2025-11-10 21:34:33,415 INFO o.a.j.t.JMeterThread: Thread started: Burst 3-439
2025-11-10 21:34:33,421 INFO o.a.j.t.JMeterThread: Thread started: Burst 3-440
2025-11-10 21:34:33,296 INFO o.a.j.t.JMeterThread: Thread started: Soak 4-61
2025-11-10 21:34:33,305 INFO o.a.j.t.JMeterThread: Thread started: Burst 3-428
2025-11-10 21:34:33,366 INFO o.a.j.t.JMeterThread: Thread started: Soak 4-62
2025-11-10 21:34:33,323 INFO o.a.j.t.JMeterThread: Thread started: Cooldown 5-12
2025-11-10 21:34:33,383 INFO o.a.j.t.JMeterThread: Thread started: Burst 3-436
2025-11-10 21:34:33,372 INFO o.a.j.t.JMeterThread: Thread started: Warm-Up 1-23
2025-11-10 21:34:33,372 INFO o.a.j.t.JMeterThread: Thread started: Burst 3-435
2025-11-10 21:34:33,284 INFO o.a.j.t.JMeterThread: Thread started: Burst 3-426
2025-11-10 21:34:33,396 INFO o.a.j.t.JMeterThread: Thread started: Burst 3-437
2025-11-10 21:34:33,328 INFO o.a.j.t.JMeterThread: Thread started: Burst 3-430
2025-11-10 21:34:33,406 INFO o.a.j.t.JMeterThread: Thread started: Burst 3-438
2025-11-10 21:34:33,435 INFO o.a.j.t.JMeterThread: Thread started: Burst 3-441
2025-11-10 21:34:33,435 INFO o.a.j.t.JMeterThread: Thread started: Soak 4-63
2025-11-10 21:34:33,448 INFO o.a.j.t.JMeterThread: Thread started: Burst 3-442
2025-11-10 21:34:33,457 INFO o.a.j.t.JMeterThread: Thread started: Burst 3-443
2025-11-10 21:34:33,464 INFO o.a.j.t.JMeterThread: Thread started: Burst 3-444
2025-11-10 21:34:33,474 INFO o.a.j.t.JMeterThread: Thread started: Burst 3-445
2025-11-10 21:34:33,485 INFO o.a.j.t.JMeterThread: Thread started: Burst 3-446
2025-11-10 21:34:33,489 INFO o.a.j.t.JMeterThread: Thread started: Ramp-Up 2-16
2025-11-10 21:34:33,494 INFO o.a.j.t.JMeterThread: Thread started: Burst 3-447
2025-11-10 21:34:33,495 INFO o.a.j.t.JMeterThread: Thread started: Soak 4-64
2025-11-10 21:34:33,509 INFO o.a.j.t.JMeterThread: Thread started: Burst 3-448
2025-11-10 21:34:33,517 INFO o.a.j.t.JMeterThread: Thread started: Burst 3-449
2025-11-10 21:34:33,531 INFO o.a.j.t.JMeterThread: Thread started: Burst 3-450
2025-11-10 21:34:33,536 INFO o.a.j.t.JMeterThread: Thread started: Burst 3-451
2025-11-10 21:34:33,544 INFO o.a.j.t.JMeterThread: Thread started: Burst 3-452
2025-11-10 21:34:33,552 INFO o.a.j.t.JMeterThread: Thread started: Burst 3-453
2025-11-10 21:34:33,565 INFO o.a.j.t.JMeterThread: Thread started: Soak 4-65
2025-11-10 21:34:33,565 INFO o.a.j.t.JMeterThread: Thread started: Burst 3-454
2025-11-10 21:34:33,575 INFO o.a.j.t.JMeterThread: Thread started: Burst 3-455
2025-11-10 21:34:33,575 INFO o.a.j.t.JMeterThread: Thread started: Warm-Up 1-24
2025-11-10 21:34:33,586 INFO o.a.j.t.JMeterThread: Thread started: Burst 3-456
2025-11-10 21:34:33,595 INFO o.a.j.t.JMeterThread: Thread started: Burst 3-457
2025-11-10 21:34:33,605 INFO o.a.j.t.JMeterThread: Thread started: Burst 3-458
2025-11-10 21:34:33,615 INFO o.a.j.t.JMeterThread: Thread started: Burst 3-459
2025-11-10 21:34:33,626 INFO o.a.j.t.JMeterThread: Thread started: Burst 3-460
2025-11-10 21:34:33,632 INFO o.a.j.t.JMeterThread: Thread started: Burst 3-461
2025-11-10 21:34:33,633 INFO o.a.j.t.JMeterThread: Thread started: Soak 4-66
2025-11-10 21:34:33,645 INFO o.a.j.t.JMeterThread: Thread started: Burst 3-462
2025-11-10 21:34:33,652 INFO o.a.j.t.JMeterThread: Thread started: Cooldown 5-13
2025-11-10 21:34:33,656 INFO o.a.j.t.JMeterThread: Thread started: Burst 3-463
2025-11-10 21:34:33,662 INFO o.a.j.t.JMeterThread: Thread started: Burst 3-464
2025-11-10 21:34:33,674 INFO o.a.j.t.JMeterThread: Thread started: Burst 3-465
2025-11-10 21:34:33,686 INFO o.a.j.t.JMeterThread: Thread started: Burst 3-466
2025-11-10 21:34:33,695 INFO o.a.j.t.JMeterThread: Thread started: Burst 3-467
2025-11-10 21:34:33,700 INFO o.a.j.t.JMeterThread: Thread started: Soak 4-67
2025-11-10 21:34:33,705 INFO o.a.j.t.JMeterThread: Thread started: Burst 3-468
2025-11-10 21:34:33,712 INFO o.a.j.t.JMeterThread: Thread started: Burst 3-469
2025-11-10 21:34:33,724 INFO o.a.j.t.JMeterThread: Thread started: Burst 3-470
2025-11-10 21:34:33,735 INFO o.a.j.t.JMeterThread: Thread started: Burst 3-471
2025-11-10 21:34:33,744 INFO o.a.j.t.JMeterThread: Thread started: Burst 3-472
2025-11-10 21:34:33,755 INFO o.a.j.t.JMeterThread: Thread started: Burst 3-473
2025-11-10 21:34:33,760 INFO o.a.j.t.JMeterThread: Thread started: Burst 3-474
2025-11-10 21:34:33,766 INFO o.a.j.t.JMeterThread: Thread started: Soak 4-68
2025-11-10 21:34:33,774 INFO o.a.j.t.JMeterThread: Thread started: Warm-Up 1-25
2025-11-10 21:34:33,774 INFO o.a.j.t.JMeterThread: Thread started: Burst 3-475
2025-11-10 21:34:33,789 INFO o.a.j.t.JMeterThread: Thread started: Ramp-Up 2-17
2025-11-10 21:34:33,800 INFO o.a.j.t.JMeterThread: Thread started: Burst 3-477
2025-11-10 21:34:33,814 INFO o.a.j.t.JMeterThread: Thread started: Burst 3-478
2025-11-10 21:34:33,814 INFO o.a.j.t.JMeterThread: Thread started: Burst 3-476
2025-11-10 21:34:33,832 INFO o.a.j.t.JMeterThread: Thread started: Burst 3-480
2025-11-10 21:34:33,833 INFO o.a.j.t.JMeterThread: Thread started: Burst 3-479
2025-11-10 21:34:33,848 INFO o.a.j.t.JMeterThread: Thread started: Soak 4-69
2025-11-10 21:34:33,858 INFO o.a.j.t.JMeterThread: Thread started: Burst 3-483
2025-11-10 21:34:33,859 INFO o.a.j.t.JMeterThread: Thread started: Burst 3-482
2025-11-10 21:34:33,860 INFO o.a.j.t.JMeterThread: Thread started: Burst 3-481
2025-11-10 21:34:33,865 INFO o.a.j.t.JMeterThread: Thread started: Burst 3-484
2025-11-10 21:34:33,875 INFO o.a.j.t.JMeterThread: Thread started: Burst 3-485
2025-11-10 21:34:33,885 INFO o.a.j.t.JMeterThread: Thread started: Burst 3-486
2025-11-10 21:34:33,893 INFO o.a.j.t.JMeterThread: Thread started: Burst 3-487
2025-11-10 21:34:33,900 INFO o.a.j.t.JMeterThread: Thread started: Soak 4-70
2025-11-10 21:34:33,926 INFO o.a.j.t.JMeterThread: Thread started: Burst 3-490
2025-11-10 21:34:33,935 INFO o.a.j.t.JMeterThread: Thread started: Burst 3-491
2025-11-10 21:34:33,944 INFO o.a.j.t.JMeterThread: Thread started: Burst 3-492
2025-11-10 21:34:33,955 INFO o.a.j.t.JMeterThread: Thread started: Burst 3-493
2025-11-10 21:34:33,965 INFO o.a.j.t.JMeterThread: Thread started: Burst 3-494
2025-11-10 21:34:33,967 INFO o.a.j.t.JMeterThread: Thread started: Soak 4-71
2025-11-10 21:34:33,974 INFO o.a.j.t.JMeterThread: Thread started: Burst 3-495
2025-11-10 21:34:33,974 INFO o.a.j.t.JMeterThread: Thread started: Warm-Up 1-26
2025-11-10 21:34:33,986 INFO o.a.j.t.JMeterThread: Thread started: Burst 3-496
2025-11-10 21:34:33,990 INFO o.a.j.t.JMeterThread: Thread started: Cooldown 5-14
2025-11-10 21:34:33,996 INFO o.a.j.t.JMeterThread: Thread started: Burst 3-497
2025-11-10 21:34:34,002 INFO o.a.j.t.JMeterThread: Thread started: Burst 3-498
2025-11-10 21:34:34,011 INFO o.a.j.t.JMeterThread: Thread started: Burst 3-499
2025-11-10 21:34:34,024 INFO o.a.j.t.JMeterThread: Thread started: Burst 3-500
2025-11-10 21:34:34,058 INFO o.a.j.t.JMeterThread: Thread started: Burst 3-488
2025-11-10 21:34:34,073 INFO o.a.j.t.JMeterThread: Thread started: Burst 3-489
2025-11-10 21:34:34,090 INFO o.a.j.t.JMeterThread: Thread started: Ramp-Up 2-18
2025-11-10 21:34:34,101 INFO o.a.j.t.JMeterThread: Thread started: Soak 4-73
2025-11-10 21:34:34,129 INFO o.a.j.t.JMeterThread: Thread started: Soak 4-72
2025-11-10 21:34:34,168 INFO o.a.j.t.JMeterThread: Thread started: Soak 4-74
2025-11-10 21:34:34,173 INFO o.a.j.t.JMeterThread: Thread started: Warm-Up 1-27
2025-11-10 21:34:34,237 INFO o.a.j.t.JMeterThread: Thread started: Soak 4-75
2025-11-10 21:34:34,305 INFO o.a.j.t.JMeterThread: Thread started: Soak 4-76
2025-11-10 21:34:34,323 INFO o.a.j.t.JMeterThread: Thread started: Cooldown 5-15
2025-11-10 21:34:34,367 INFO o.a.j.t.JMeterThread: Thread started: Soak 4-77
2025-11-10 21:34:34,371 INFO o.a.j.t.JMeterThread: Thread started: Warm-Up 1-28
2025-11-10 21:34:34,389 INFO o.a.j.t.JMeterThread: Thread started: Ramp-Up 2-19
2025-11-10 21:34:34,431 INFO o.a.j.t.JMeterThread: Thread started: Soak 4-78
2025-11-10 21:34:34,503 INFO o.a.j.t.JMeterThread: Thread started: Soak 4-79
2025-11-10 21:34:34,571 INFO o.a.j.t.JMeterThread: Thread started: Soak 4-80
2025-11-10 21:34:34,573 INFO o.a.j.t.JMeterThread: Thread started: Warm-Up 1-29
2025-11-10 21:34:34,640 INFO o.a.j.t.JMeterThread: Thread started: Soak 4-81
2025-11-10 21:34:34,661 INFO o.a.j.t.JMeterThread: Thread started: Cooldown 5-16
2025-11-10 21:34:34,690 INFO o.a.j.t.JMeterThread: Thread started: Ramp-Up 2-20
2025-11-10 21:34:34,706 INFO o.a.j.t.JMeterThread: Thread started: Soak 4-82
2025-11-10 21:34:34,772 INFO o.a.j.t.JMeterThread: Thread started: Soak 4-83
2025-11-10 21:34:34,775 INFO o.a.j.t.JMeterThread: Thread started: Warm-Up 1-30
2025-11-10 21:34:34,846 INFO o.a.j.t.JMeterThread: Thread started: Soak 4-84
2025-11-10 21:34:34,904 INFO o.a.j.t.JMeterThread: Thread started: Soak 4-85
2025-11-10 21:34:34,969 INFO o.a.j.t.JMeterThread: Thread started: Warm-Up 1-31
2025-11-10 21:34:34,974 INFO o.a.j.t.JMeterThread: Thread started: Soak 4-86
2025-11-10 21:34:34,992 INFO o.a.j.t.JMeterThread: Thread started: Ramp-Up 2-21
2025-11-10 21:34:34,994 INFO o.a.j.t.JMeterThread: Thread started: Cooldown 5-17
2025-11-10 21:34:35,047 INFO o.a.j.t.JMeterThread: Thread started: Soak 4-87
2025-11-10 21:34:35,150 INFO o.a.j.t.JMeterThread: Thread started: Soak 4-88
2025-11-10 21:34:35,174 INFO o.a.j.t.JMeterThread: Thread started: Warm-Up 1-32
2025-11-10 21:34:35,194 INFO o.a.j.t.JMeterThread: Thread started: Soak 4-89
2025-11-10 21:34:35,254 INFO o.a.j.t.JMeterThread: Thread started: Soak 4-90
2025-11-10 21:34:35,290 INFO o.a.j.t.JMeterThread: Thread started: Ramp-Up 2-22
2025-11-10 21:34:35,323 INFO o.a.j.t.JMeterThread: Thread started: Cooldown 5-18
2025-11-10 21:34:35,334 INFO o.a.j.t.JMeterThread: Thread started: Soak 4-91
2025-11-10 21:34:35,374 INFO o.a.j.t.JMeterThread: Thread started: Warm-Up 1-33
2025-11-10 21:34:35,390 INFO o.a.j.t.JMeterThread: Thread started: Soak 4-92
2025-11-10 21:34:35,451 INFO o.a.j.t.JMeterThread: Thread started: Soak 4-93
2025-11-10 21:34:35,514 INFO o.a.j.t.JMeterThread: Thread started: Soak 4-94
2025-11-10 21:34:35,582 INFO o.a.j.t.JMeterThread: Thread started: Warm-Up 1-34
2025-11-10 21:34:35,593 INFO o.a.j.t.JMeterThread: Thread started: Ramp-Up 2-23
2025-11-10 21:34:35,642 INFO o.a.j.t.JMeterThread: Thread started: Soak 4-96
2025-11-10 21:34:35,652 INFO o.a.j.t.JMeterThread: Thread started: Cooldown 5-19
2025-11-10 21:34:35,652 INFO o.a.j.t.JMeterThread: Thread started: Soak 4-95
2025-11-10 21:34:35,707 INFO o.a.j.t.JMeterThread: Thread started: Soak 4-97
2025-11-10 21:34:35,773 INFO o.a.j.t.JMeterThread: Thread started: Warm-Up 1-35
2025-11-10 21:34:35,775 INFO o.a.j.t.JMeterThread: Thread started: Soak 4-98
2025-11-10 21:34:35,842 INFO o.a.j.t.JMeterThread: Thread started: Soak 4-99
2025-11-10 21:34:35,890 INFO o.a.j.t.JMeterThread: Thread started: Ramp-Up 2-24
2025-11-10 21:34:35,911 INFO o.a.j.t.JMeterThread: Thread started: Soak 4-100
2025-11-10 21:34:35,972 INFO o.a.j.t.JMeterThread: Thread started: Warm-Up 1-36
2025-11-10 21:34:35,973 INFO o.a.j.t.JMeterThread: Thread started: Soak 4-101
2025-11-10 21:34:35,992 INFO o.a.j.t.JMeterThread: Thread started: Cooldown 5-20
2025-11-10 21:34:36,043 INFO o.a.j.t.JMeterThread: Thread started: Soak 4-102
2025-11-10 21:34:36,106 INFO o.a.j.t.JMeterThread: Thread started: Soak 4-103
2025-11-10 21:34:36,171 INFO o.a.j.t.JMeterThread: Thread started: Warm-Up 1-37
2025-11-10 21:34:36,173 INFO o.a.j.t.JMeterThread: Thread started: Soak 4-104
2025-11-10 21:34:36,189 INFO o.a.j.t.JMeterThread: Thread started: Ramp-Up 2-25
2025-11-10 21:34:36,241 INFO o.a.j.t.JMeterThread: Thread started: Soak 4-105
2025-11-10 21:34:36,313 INFO o.a.j.t.JMeterThread: Thread started: Soak 4-106
2025-11-10 21:34:36,321 INFO o.a.j.t.JMeterThread: Thread started: Cooldown 5-21
2025-11-10 21:34:36,380 INFO o.a.j.t.JMeterThread: Thread started: Soak 4-107
2025-11-10 21:34:36,383 INFO o.a.j.t.JMeterThread: Thread started: Warm-Up 1-38
2025-11-10 21:34:36,445 INFO o.a.j.t.JMeterThread: Thread started: Soak 4-108
2025-11-10 21:34:36,490 INFO o.a.j.t.JMeterThread: Thread started: Ramp-Up 2-26
2025-11-10 21:34:36,513 INFO o.a.j.t.JMeterThread: Thread started: Soak 4-109
2025-11-10 21:34:36,570 INFO o.a.j.t.JMeterThread: Thread started: Warm-Up 1-39
2025-11-10 21:34:36,582 INFO o.a.j.t.JMeterThread: Thread started: Soak 4-110
2025-11-10 21:34:36,654 INFO o.a.j.t.JMeterThread: Thread started: Cooldown 5-22
2025-11-10 21:34:36,713 INFO o.a.j.t.JMeterThread: Thread started: Soak 4-112
2025-11-10 21:34:36,646 INFO o.a.j.t.JMeterThread: Thread started: Soak 4-111
2025-11-10 21:34:36,774 INFO o.a.j.t.JMeterThread: Thread started: Warm-Up 1-40
2025-11-10 21:34:36,780 INFO o.a.j.t.JMeterThread: Thread started: Soak 4-113
2025-11-10 21:34:36,789 INFO o.a.j.t.JMeterThread: Thread started: Ramp-Up 2-27
2025-11-10 21:34:36,848 INFO o.a.j.t.JMeterThread: Thread started: Soak 4-114
2025-11-10 21:34:36,926 INFO o.a.j.t.JMeterThread: Thread started: Soak 4-115
2025-11-10 21:34:36,975 INFO o.a.j.t.JMeterThread: Thread started: Warm-Up 1-41
2025-11-10 21:34:36,986 INFO o.a.j.t.JMeterThread: Thread started: Soak 4-116
2025-11-10 21:34:36,996 INFO o.a.j.t.JMeterThread: Thread started: Cooldown 5-23
2025-11-10 21:34:37,045 INFO o.a.j.t.JMeterThread: Thread started: Soak 4-117
2025-11-10 21:34:37,088 INFO o.a.j.t.JMeterThread: Thread started: Ramp-Up 2-28
2025-11-10 21:34:37,111 INFO o.a.j.t.JMeterThread: Thread started: Soak 4-118
2025-11-10 21:34:37,173 INFO o.a.j.t.JMeterThread: Thread started: Warm-Up 1-42
2025-11-10 21:34:37,188 INFO o.a.j.t.JMeterThread: Thread started: Soak 4-119
2025-11-10 21:34:37,249 INFO o.a.j.t.JMeterThread: Thread started: Soak 4-120
2025-11-10 21:34:37,317 INFO o.a.j.t.JMeterThread: Thread started: Soak 4-121
2025-11-10 21:34:37,319 INFO o.a.j.t.JMeterThread: Thread started: Cooldown 5-24
2025-11-10 21:34:37,370 INFO o.a.j.t.JMeterThread: Thread started: Warm-Up 1-43
2025-11-10 21:34:37,381 INFO o.a.j.t.JMeterThread: Thread started: Soak 4-122
2025-11-10 21:34:37,392 INFO o.a.j.t.JMeterThread: Thread started: Ramp-Up 2-29
2025-11-10 21:34:37,462 INFO o.a.j.t.JMeterThread: Thread started: Soak 4-123
2025-11-10 21:34:37,518 INFO o.a.j.t.JMeterThread: Thread started: Soak 4-124
2025-11-10 21:34:37,574 INFO o.a.j.t.JMeterThread: Thread started: Warm-Up 1-44
2025-11-10 21:34:37,584 INFO o.a.j.t.JMeterThread: Thread started: Soak 4-125
2025-11-10 21:34:37,652 INFO o.a.j.t.JMeterThread: Thread started: Soak 4-126
2025-11-10 21:34:37,653 INFO o.a.j.t.JMeterThread: Thread started: Cooldown 5-25
2025-11-10 21:34:37,692 INFO o.a.j.t.JMeterThread: Thread started: Ramp-Up 2-30
2025-11-10 21:34:37,719 INFO o.a.j.t.JMeterThread: Thread started: Soak 4-127
2025-11-10 21:34:37,778 INFO o.a.j.t.JMeterThread: Thread started: Warm-Up 1-45
2025-11-10 21:34:37,787 INFO o.a.j.t.JMeterThread: Thread started: Soak 4-128
2025-11-10 21:34:37,850 INFO o.a.j.t.JMeterThread: Thread started: Soak 4-129
2025-11-10 21:34:37,921 INFO o.a.j.t.JMeterThread: Thread started: Soak 4-130
2025-11-10 21:34:37,975 INFO o.a.j.t.JMeterThread: Thread started: Warm-Up 1-46
2025-11-10 21:34:37,984 INFO o.a.j.t.JMeterThread: Thread started: Soak 4-131
2025-11-10 21:34:37,984 INFO o.a.j.t.JMeterThread: Thread started: Cooldown 5-26
2025-11-10 21:34:37,992 INFO o.a.j.t.JMeterThread: Thread started: Ramp-Up 2-31
2025-11-10 21:34:38,054 INFO o.a.j.t.JMeterThread: Thread started: Soak 4-132
2025-11-10 21:34:38,123 INFO o.a.j.t.JMeterThread: Thread started: Soak 4-133
2025-11-10 21:34:38,173 INFO o.a.j.t.JMeterThread: Thread started: Warm-Up 1-47
2025-11-10 21:34:38,211 INFO o.a.j.t.JMeterThread: Thread started: Soak 4-134
2025-11-10 21:34:38,255 INFO o.a.j.t.JMeterThread: Thread started: Soak 4-135
2025-11-10 21:34:38,290 INFO o.a.j.t.JMeterThread: Thread started: Ramp-Up 2-32
2025-11-10 21:34:38,319 INFO o.a.j.t.JMeterThread: Thread started: Cooldown 5-27
2025-11-10 21:34:38,321 INFO o.a.j.t.JMeterThread: Thread started: Soak 4-136
2025-11-10 21:34:38,373 INFO o.a.j.t.JMeterThread: Thread started: Warm-Up 1-48
2025-11-10 21:34:38,389 INFO o.a.j.t.JMeterThread: Thread started: Soak 4-137
2025-11-10 21:34:38,455 INFO o.a.j.t.JMeterThread: Thread started: Soak 4-138
2025-11-10 21:34:38,527 INFO o.a.j.t.JMeterThread: Thread started: Soak 4-139
2025-11-10 21:34:38,576 INFO o.a.j.t.JMeterThread: Thread started: Warm-Up 1-49
2025-11-10 21:34:38,590 INFO o.a.j.t.JMeterThread: Thread started: Soak 4-140
2025-11-10 21:34:38,592 INFO o.a.j.t.JMeterThread: Thread started: Ramp-Up 2-33
2025-11-10 21:34:38,652 INFO o.a.j.t.JMeterThread: Thread started: Cooldown 5-28
2025-11-10 21:34:38,657 INFO o.a.j.t.JMeterThread: Thread started: Soak 4-141
2025-11-10 21:34:38,723 INFO o.a.j.t.JMeterThread: Thread started: Soak 4-142
2025-11-10 21:34:38,773 INFO o.a.j.t.JMeterThread: Thread started: Warm-Up 1-50
2025-11-10 21:34:38,796 INFO o.a.j.t.JMeterThread: Thread started: Soak 4-143
2025-11-10 21:34:38,858 INFO o.a.j.t.JMeterThread: Thread started: Soak 4-144
2025-11-10 21:34:38,890 INFO o.a.j.t.JMeterThread: Thread started: Ramp-Up 2-34
2025-11-10 21:34:38,922 INFO o.a.j.t.JMeterThread: Thread started: Soak 4-145
2025-11-10 21:34:38,986 INFO o.a.j.t.JMeterThread: Thread started: Cooldown 5-29
2025-11-10 21:34:38,989 INFO o.a.j.t.JMeterThread: Thread started: Soak 4-146
2025-11-10 21:34:39,054 INFO o.a.j.t.JMeterThread: Thread started: Soak 4-147
2025-11-10 21:34:39,123 INFO o.a.j.t.JMeterThread: Thread started: Soak 4-148
2025-11-10 21:34:39,188 INFO o.a.j.t.JMeterThread: Thread started: Soak 4-149
2025-11-10 21:34:39,193 INFO o.a.j.t.JMeterThread: Thread started: Ramp-Up 2-35
2025-11-10 21:34:39,258 INFO o.a.j.t.JMeterThread: Thread started: Soak 4-150
2025-11-10 21:34:39,317 INFO o.a.j.t.JMeterThread: Thread started: Cooldown 5-30
2025-11-10 21:34:39,490 INFO o.a.j.t.JMeterThread: Thread started: Ramp-Up 2-36
2025-11-10 21:34:39,794 INFO o.a.j.t.JMeterThread: Thread started: Ramp-Up 2-37
2025-11-10 21:34:40,086 INFO o.a.j.t.JMeterThread: Thread started: Ramp-Up 2-38
2025-11-10 21:34:40,393 INFO o.a.j.t.JMeterThread: Thread started: Ramp-Up 2-39
2025-11-10 21:34:40,695 INFO o.a.j.t.JMeterThread: Thread started: Ramp-Up 2-40
2025-11-10 21:34:40,989 INFO o.a.j.t.JMeterThread: Thread started: Ramp-Up 2-41
2025-11-10 21:34:41,292 INFO o.a.j.t.JMeterThread: Thread started: Ramp-Up 2-42
2025-11-10 21:34:41,589 INFO o.a.j.t.JMeterThread: Thread started: Ramp-Up 2-43
2025-11-10 21:34:41,894 INFO o.a.j.t.JMeterThread: Thread started: Ramp-Up 2-44
2025-11-10 21:34:42,189 INFO o.a.j.t.JMeterThread: Thread started: Ramp-Up 2-45
2025-11-10 21:34:42,493 INFO o.a.j.t.JMeterThread: Thread started: Ramp-Up 2-46
2025-11-10 21:34:42,793 INFO o.a.j.t.JMeterThread: Thread started: Ramp-Up 2-47
2025-11-10 21:34:43,087 INFO o.a.j.t.JMeterThread: Thread started: Ramp-Up 2-48
2025-11-10 21:34:43,393 INFO o.a.j.t.JMeterThread: Thread started: Ramp-Up 2-49
2025-11-10 21:34:43,693 INFO o.a.j.t.JMeterThread: Thread started: Ramp-Up 2-50
2025-11-10 21:34:43,991 INFO o.a.j.t.JMeterThread: Thread started: Ramp-Up 2-51
2025-11-10 21:34:44,291 INFO o.a.j.t.JMeterThread: Thread started: Ramp-Up 2-52
2025-11-10 21:34:44,591 INFO o.a.j.t.JMeterThread: Thread started: Ramp-Up 2-53
2025-11-10 21:34:44,890 INFO o.a.j.t.JMeterThread: Thread started: Ramp-Up 2-54
2025-11-10 21:34:45,196 INFO o.a.j.t.JMeterThread: Thread started: Ramp-Up 2-55
2025-11-10 21:34:45,492 INFO o.a.j.t.JMeterThread: Thread started: Ramp-Up 2-56
2025-11-10 21:34:45,790 INFO o.a.j.t.JMeterThread: Thread started: Ramp-Up 2-57
2025-11-10 21:34:46,090 INFO o.a.j.t.JMeterThread: Thread started: Ramp-Up 2-58
2025-11-10 21:34:46,389 INFO o.a.j.t.JMeterThread: Thread started: Ramp-Up 2-59
2025-11-10 21:34:46,712 INFO o.a.j.t.JMeterThread: Thread started: Ramp-Up 2-60
2025-11-10 21:34:46,987 INFO o.a.j.t.JMeterThread: Thread started: Ramp-Up 2-61
2025-11-10 21:34:47,305 INFO o.a.j.t.JMeterThread: Thread started: Ramp-Up 2-62
2025-11-10 21:34:47,591 INFO o.a.j.t.JMeterThread: Thread started: Ramp-Up 2-63
2025-11-10 21:34:47,891 INFO o.a.j.t.JMeterThread: Thread started: Ramp-Up 2-64
2025-11-10 21:34:48,191 INFO o.a.j.t.JMeterThread: Thread started: Ramp-Up 2-65
2025-11-10 21:34:48,489 INFO o.a.j.t.JMeterThread: Thread started: Ramp-Up 2-66
2025-11-10 21:34:48,796 INFO o.a.j.t.JMeterThread: Thread started: Ramp-Up 2-67
2025-11-10 21:34:49,091 INFO o.a.j.t.JMeterThread: Thread started: Ramp-Up 2-68
2025-11-10 21:34:49,391 INFO o.a.j.t.JMeterThread: Thread started: Ramp-Up 2-69
2025-11-10 21:34:49,690 INFO o.a.j.t.JMeterThread: Thread started: Ramp-Up 2-70
2025-11-10 21:34:49,989 INFO o.a.j.t.JMeterThread: Thread started: Ramp-Up 2-71
2025-11-10 21:34:50,293 INFO o.a.j.t.JMeterThread: Thread started: Ramp-Up 2-72
2025-11-10 21:34:50,592 INFO o.a.j.t.JMeterThread: Thread started: Ramp-Up 2-73
2025-11-10 21:34:50,890 INFO o.a.j.t.JMeterThread: Thread started: Ramp-Up 2-74
2025-11-10 21:34:51,192 INFO o.a.j.t.JMeterThread: Thread started: Ramp-Up 2-75
2025-11-10 21:34:51,491 INFO o.a.j.t.JMeterThread: Thread started: Ramp-Up 2-76
2025-11-10 21:34:51,796 INFO o.a.j.t.JMeterThread: Thread started: Ramp-Up 2-77
2025-11-10 21:34:52,092 INFO o.a.j.t.JMeterThread: Thread started: Ramp-Up 2-78
2025-11-10 21:34:52,392 INFO o.a.j.t.JMeterThread: Thread started: Ramp-Up 2-79
2025-11-10 21:34:52,693 INFO o.a.j.t.JMeterThread: Thread started: Ramp-Up 2-80
2025-11-10 21:34:52,993 INFO o.a.j.t.JMeterThread: Thread started: Ramp-Up 2-81
2025-11-10 21:34:53,295 INFO o.a.j.t.JMeterThread: Thread started: Ramp-Up 2-82
2025-11-10 21:34:53,589 INFO o.a.j.t.JMeterThread: Thread started: Ramp-Up 2-83
2025-11-10 21:34:53,888 INFO o.a.j.t.JMeterThread: Thread started: Ramp-Up 2-84
2025-11-10 21:34:54,191 INFO o.a.j.t.JMeterThread: Thread started: Ramp-Up 2-85
2025-11-10 21:34:54,492 INFO o.a.j.t.JMeterThread: Thread started: Ramp-Up 2-86
2025-11-10 21:34:54,797 INFO o.a.j.t.JMeterThread: Thread started: Ramp-Up 2-87
2025-11-10 21:34:55,095 INFO o.a.j.t.JMeterThread: Thread started: Ramp-Up 2-88
2025-11-10 21:34:55,393 INFO o.a.j.t.JMeterThread: Thread started: Ramp-Up 2-89
2025-11-10 21:34:55,690 INFO o.a.j.t.JMeterThread: Thread started: Ramp-Up 2-90
2025-11-10 21:34:55,989 INFO o.a.j.t.JMeterThread: Thread started: Ramp-Up 2-91
2025-11-10 21:34:56,289 INFO o.a.j.t.JMeterThread: Thread started: Ramp-Up 2-92
2025-11-10 21:34:56,589 INFO o.a.j.t.JMeterThread: Thread started: Ramp-Up 2-93
2025-11-10 21:34:56,894 INFO o.a.j.t.JMeterThread: Thread started: Ramp-Up 2-94
2025-11-10 21:34:57,189 INFO o.a.j.t.JMeterThread: Thread started: Ramp-Up 2-95
2025-11-10 21:34:57,492 INFO o.a.j.t.JMeterThread: Thread started: Ramp-Up 2-96
2025-11-10 21:34:57,789 INFO o.a.j.t.JMeterThread: Thread started: Ramp-Up 2-97
2025-11-10 21:34:58,097 INFO o.a.j.t.JMeterThread: Thread started: Ramp-Up 2-98
2025-11-10 21:34:58,394 INFO o.a.j.t.JMeterThread: Thread started: Ramp-Up 2-99
2025-11-10 21:34:58,692 INFO o.a.j.t.JMeterThread: Thread started: Ramp-Up 2-100
2025-11-10 21:34:58,980 INFO o.a.j.t.JMeterThread: Stopping because end time detected by thread: Warm-Up 1-27
2025-11-10 21:34:58,980 INFO o.a.j.t.JMeterThread: Thread finished: Warm-Up 1-27
2025-11-10 21:34:58,984 INFO o.a.j.t.JMeterThread: Stopping because end time detected by thread: Warm-Up 1-23
2025-11-10 21:34:58,984 INFO o.a.j.t.JMeterThread: Thread finished: Warm-Up 1-23
2025-11-10 21:34:58,986 INFO o.a.j.t.JMeterThread: Stopping because end time detected by thread: Warm-Up 1-13
2025-11-10 21:34:58,986 INFO o.a.j.t.JMeterThread: Thread finished: Warm-Up 1-13
2025-11-10 21:34:58,987 INFO o.a.j.t.JMeterThread: Stopping because end time detected by thread: Warm-Up 1-44
2025-11-10 21:34:58,987 INFO o.a.j.t.JMeterThread: Thread finished: Warm-Up 1-44
2025-11-10 21:34:58,988 INFO o.a.j.t.JMeterThread: Stopping because end time detected by thread: Warm-Up 1-45
2025-11-10 21:34:58,988 INFO o.a.j.t.JMeterThread: Thread finished: Warm-Up 1-45
2025-11-10 21:34:58,988 INFO o.a.j.t.JMeterThread: Stopping because end time detected by thread: Warm-Up 1-20
2025-11-10 21:34:58,988 INFO o.a.j.t.JMeterThread: Thread finished: Warm-Up 1-20
2025-11-10 21:34:58,988 INFO o.a.j.t.JMeterThread: Stopping because end time detected by thread: Warm-Up 1-22
2025-11-10 21:34:58,988 INFO o.a.j.t.JMeterThread: Thread finished: Warm-Up 1-22
2025-11-10 21:34:58,989 INFO o.a.j.t.JMeterThread: Thread started: Ramp-Up 2-101
2025-11-10 21:34:58,989 INFO o.a.j.t.JMeterThread: Stopping because end time detected by thread: Warm-Up 1-47
2025-11-10 21:34:58,989 INFO o.a.j.t.JMeterThread: Thread finished: Warm-Up 1-47
2025-11-10 21:34:58,989 INFO o.a.j.t.JMeterThread: Stopping because end time detected by thread: Warm-Up 1-42
2025-11-10 21:34:58,989 INFO o.a.j.t.JMeterThread: Stopping because end time detected by thread: Warm-Up 1-21
2025-11-10 21:34:58,989 INFO o.a.j.t.JMeterThread: Thread finished: Warm-Up 1-42
2025-11-10 21:34:58,989 INFO o.a.j.t.JMeterThread: Stopping because end time detected by thread: Warm-Up 1-4
2025-11-10 21:34:58,990 INFO o.a.j.t.JMeterThread: Thread finished: Warm-Up 1-4
2025-11-10 21:34:58,990 INFO o.a.j.t.JMeterThread: Stopping because end time detected by thread: Warm-Up 1-7
2025-11-10 21:34:58,990 INFO o.a.j.t.JMeterThread: Thread finished: Warm-Up 1-7
2025-11-10 21:34:58,990 INFO o.a.j.t.JMeterThread: Stopping because end time detected by thread: Warm-Up 1-14
2025-11-10 21:34:58,990 INFO o.a.j.t.JMeterThread: Thread finished: Warm-Up 1-14
2025-11-10 21:34:58,989 INFO o.a.j.t.JMeterThread: Thread finished: Warm-Up 1-21
2025-11-10 21:34:58,990 INFO o.a.j.t.JMeterThread: Stopping because end time detected by thread: Warm-Up 1-48
2025-11-10 21:34:58,990 INFO o.a.j.t.JMeterThread: Thread finished: Warm-Up 1-48
2025-11-10 21:34:58,990 INFO o.a.j.t.JMeterThread: Stopping because end time detected by thread: Warm-Up 1-12
2025-11-10 21:34:58,990 INFO o.a.j.t.JMeterThread: Thread finished: Warm-Up 1-12
2025-11-10 21:34:58,991 INFO o.a.j.t.JMeterThread: Stopping because end time detected by thread: Warm-Up 1-32
2025-11-10 21:34:58,991 INFO o.a.j.t.JMeterThread: Thread finished: Warm-Up 1-32
2025-11-10 21:34:58,991 INFO o.a.j.t.JMeterThread: Stopping because end time detected by thread: Warm-Up 1-6
2025-11-10 21:34:58,991 INFO o.a.j.t.JMeterThread: Thread finished: Warm-Up 1-6
2025-11-10 21:34:58,992 INFO o.a.j.t.JMeterThread: Stopping because end time detected by thread: Warm-Up 1-2
2025-11-10 21:34:58,992 INFO o.a.j.t.JMeterThread: Thread finished: Warm-Up 1-2
2025-11-10 21:34:58,994 INFO o.a.j.t.JMeterThread: Stopping because end time detected by thread: Warm-Up 1-49
2025-11-10 21:34:58,994 INFO o.a.j.t.JMeterThread: Thread finished: Warm-Up 1-49
2025-11-10 21:34:58,994 INFO o.a.j.t.JMeterThread: Stopping because end time detected by thread: Warm-Up 1-30
2025-11-10 21:34:58,994 INFO o.a.j.t.JMeterThread: Thread finished: Warm-Up 1-30
2025-11-10 21:34:58,995 INFO o.a.j.t.JMeterThread: Stopping because end time detected by thread: Warm-Up 1-31
2025-11-10 21:34:58,995 INFO o.a.j.t.JMeterThread: Thread finished: Warm-Up 1-31
2025-11-10 21:34:58,995 INFO o.a.j.t.JMeterThread: Stopping because end time detected by thread: Warm-Up 1-19
2025-11-10 21:34:58,995 INFO o.a.j.t.JMeterThread: Thread finished: Warm-Up 1-19
2025-11-10 21:34:58,995 INFO o.a.j.t.JMeterThread: Stopping because end time detected by thread: Warm-Up 1-41
2025-11-10 21:34:58,995 INFO o.a.j.t.JMeterThread: Thread finished: Warm-Up 1-41
2025-11-10 21:34:58,996 INFO o.a.j.t.JMeterThread: Stopping because end time detected by thread: Warm-Up 1-10
2025-11-10 21:34:58,996 INFO o.a.j.t.JMeterThread: Thread finished: Warm-Up 1-10
2025-11-10 21:34:58,996 INFO o.a.j.t.JMeterThread: Stopping because end time detected by thread: Warm-Up 1-40
2025-11-10 21:34:58,996 INFO o.a.j.t.JMeterThread: Thread finished: Warm-Up 1-40
2025-11-10 21:34:58,996 INFO o.a.j.t.JMeterThread: Stopping because end time detected by thread: Warm-Up 1-16
2025-11-10 21:34:58,996 INFO o.a.j.t.JMeterThread: Thread finished: Warm-Up 1-16
2025-11-10 21:34:58,996 INFO o.a.j.t.JMeterThread: Stopping because end time detected by thread: Warm-Up 1-5
2025-11-10 21:34:58,996 INFO o.a.j.t.JMeterThread: Thread finished: Warm-Up 1-5
2025-11-10 21:34:58,997 INFO o.a.j.t.JMeterThread: Stopping because end time detected by thread: Warm-Up 1-43
2025-11-10 21:34:58,997 INFO o.a.j.t.JMeterThread: Thread finished: Warm-Up 1-43
2025-11-10 21:34:58,997 INFO o.a.j.t.JMeterThread: Stopping because end time detected by thread: Warm-Up 1-34
2025-11-10 21:34:58,997 INFO o.a.j.t.JMeterThread: Thread finished: Warm-Up 1-34
2025-11-10 21:34:58,998 INFO o.a.j.t.JMeterThread: Stopping because end time detected by thread: Warm-Up 1-24
2025-11-10 21:34:58,998 INFO o.a.j.t.JMeterThread: Thread finished: Warm-Up 1-24
2025-11-10 21:34:58,998 INFO o.a.j.t.JMeterThread: Stopping because end time detected by thread: Warm-Up 1-25
2025-11-10 21:34:58,998 INFO o.a.j.t.JMeterThread: Thread finished: Warm-Up 1-25
2025-11-10 21:34:58,998 INFO o.a.j.t.JMeterThread: Stopping because end time detected by thread: Warm-Up 1-1
2025-11-10 21:34:58,998 INFO o.a.j.t.JMeterThread: Thread finished: Warm-Up 1-1
2025-11-10 21:34:58,998 INFO o.a.j.t.JMeterThread: Stopping because end time detected by thread: Warm-Up 1-3
2025-11-10 21:34:58,998 INFO o.a.j.t.JMeterThread: Thread finished: Warm-Up 1-3
2025-11-10 21:34:58,999 INFO o.a.j.t.JMeterThread: Stopping because end time detected by thread: Warm-Up 1-28
2025-11-10 21:34:58,999 INFO o.a.j.t.JMeterThread: Stopping because end time detected by thread: Warm-Up 1-37
2025-11-10 21:34:58,999 INFO o.a.j.t.JMeterThread: Thread finished: Warm-Up 1-28
2025-11-10 21:34:58,999 INFO o.a.j.t.JMeterThread: Thread finished: Warm-Up 1-37
2025-11-10 21:34:58,999 INFO o.a.j.t.JMeterThread: Stopping because end time detected by thread: Warm-Up 1-35
2025-11-10 21:34:58,999 INFO o.a.j.t.JMeterThread: Thread finished: Warm-Up 1-35
2025-11-10 21:34:58,999 INFO o.a.j.t.JMeterThread: Stopping because end time detected by thread: Warm-Up 1-36
2025-11-10 21:34:58,999 INFO o.a.j.t.JMeterThread: Thread finished: Warm-Up 1-36
2025-11-10 21:34:59,000 INFO o.a.j.t.JMeterThread: Stopping because end time detected by thread: Warm-Up 1-15
2025-11-10 21:34:59,000 INFO o.a.j.t.JMeterThread: Thread finished: Warm-Up 1-15
2025-11-10 21:34:59,000 INFO o.a.j.t.JMeterThread: Stopping because end time detected by thread: Warm-Up 1-46
2025-11-10 21:34:59,000 INFO o.a.j.t.JMeterThread: Thread finished: Warm-Up 1-46
2025-11-10 21:34:59,000 INFO o.a.j.t.JMeterThread: Stopping because end time detected by thread: Warm-Up 1-26
2025-11-10 21:34:59,000 INFO o.a.j.t.JMeterThread: Thread finished: Warm-Up 1-26
2025-11-10 21:34:59,000 INFO o.a.j.t.JMeterThread: Stopping because end time detected by thread: Warm-Up 1-9
2025-11-10 21:34:59,000 INFO o.a.j.t.JMeterThread: Thread finished: Warm-Up 1-9
2025-11-10 21:34:59,073 INFO o.a.j.t.JMeterThread: Stopping because end time detected by thread: Burst 3-114
2025-11-10 21:34:59,074 INFO o.a.j.t.JMeterThread: Thread finished: Burst 3-114
2025-11-10 21:34:59,090 INFO o.a.j.t.JMeterThread: Stopping because end time detected by thread: Burst 3-138
2025-11-10 21:34:59,090 INFO o.a.j.t.JMeterThread: Thread finished: Burst 3-138
2025-11-10 21:34:59,091 INFO o.a.j.t.JMeterThread: Stopping because end time detected by thread: Burst 3-2
2025-11-10 21:34:59,091 INFO o.a.j.t.JMeterThread: Thread finished: Burst 3-2
2025-11-10 21:34:59,091 INFO o.a.j.t.JMeterThread: Stopping because end time detected by thread: Burst 3-29
2025-11-10 21:34:59,091 INFO o.a.j.t.JMeterThread: Thread finished: Burst 3-29
2025-11-10 21:34:59,091 INFO o.a.j.t.JMeterThread: Stopping because end time detected by thread: Warm-Up 1-39
2025-11-10 21:34:59,091 INFO o.a.j.t.JMeterThread: Thread finished: Warm-Up 1-39
2025-11-10 21:34:59,091 INFO o.a.j.t.JMeterThread: Stopping because end time detected by thread: Burst 3-185
2025-11-10 21:34:59,091 INFO o.a.j.t.JMeterThread: Stopping because end time detected by thread: Burst 3-190
2025-11-10 21:34:59,091 INFO o.a.j.t.JMeterThread: Thread finished: Burst 3-185
2025-11-10 21:34:59,091 INFO o.a.j.t.JMeterThread: Thread finished: Burst 3-190
2025-11-10 21:34:59,092 INFO o.a.j.t.JMeterThread: Stopping because end time detected by thread: Burst 3-89
2025-11-10 21:34:59,092 INFO o.a.j.t.JMeterThread: Thread finished: Burst 3-89
2025-11-10 21:34:59,093 INFO o.a.j.t.JMeterThread: Stopping because end time detected by thread: Burst 3-31
2025-11-10 21:34:59,093 INFO o.a.j.t.JMeterThread: Thread finished: Burst 3-31
2025-11-10 21:34:59,094 INFO o.a.j.t.JMeterThread: Stopping because end time detected by thread: Burst 3-63
2025-11-10 21:34:59,094 INFO o.a.j.t.JMeterThread: Thread finished: Burst 3-63
2025-11-10 21:34:59,094 INFO o.a.j.t.JMeterThread: Stopping because end time detected by thread: Burst 3-42
2025-11-10 21:34:59,094 INFO o.a.j.t.JMeterThread: Thread finished: Burst 3-42
2025-11-10 21:34:59,095 INFO o.a.j.t.JMeterThread: Stopping because end time detected by thread: Burst 3-137
2025-11-10 21:34:59,095 INFO o.a.j.t.JMeterThread: Thread finished: Burst 3-137
2025-11-10 21:34:59,096 INFO o.a.j.t.JMeterThread: Stopping because end time detected by thread: Burst 3-38
2025-11-10 21:34:59,096 INFO o.a.j.t.JMeterThread: Stopping because end time detected by thread: Burst 3-110
2025-11-10 21:34:59,096 INFO o.a.j.t.JMeterThread: Thread finished: Burst 3-110
2025-11-10 21:34:59,096 INFO o.a.j.t.JMeterThread: Thread finished: Burst 3-38
2025-11-10 21:34:59,097 INFO o.a.j.t.JMeterThread: Stopping because end time detected by thread: Burst 3-73
2025-11-10 21:34:59,097 INFO o.a.j.t.JMeterThread: Thread finished: Burst 3-73
2025-11-10 21:34:59,097 INFO o.a.j.t.JMeterThread: Stopping because end time detected by thread: Warm-Up 1-11
2025-11-10 21:34:59,097 INFO o.a.j.t.JMeterThread: Stopping because end time detected by thread: Burst 3-136
2025-11-10 21:34:59,097 INFO o.a.j.t.JMeterThread: Thread finished: Warm-Up 1-11
2025-11-10 21:34:59,097 INFO o.a.j.t.JMeterThread: Thread finished: Burst 3-136
2025-11-10 21:34:59,097 INFO o.a.j.t.JMeterThread: Stopping because end time detected by thread: Burst 3-14
2025-11-10 21:34:59,097 INFO o.a.j.t.JMeterThread: Thread finished: Burst 3-14
2025-11-10 21:34:59,098 INFO o.a.j.t.JMeterThread: Stopping because end time detected by thread: Burst 3-124
2025-11-10 21:34:59,098 INFO o.a.j.t.JMeterThread: Thread finished: Burst 3-124
2025-11-10 21:34:59,098 INFO o.a.j.t.JMeterThread: Stopping because end time detected by thread: Warm-Up 1-8
2025-11-10 21:34:59,098 INFO o.a.j.t.JMeterThread: Thread finished: Warm-Up 1-8
2025-11-10 21:34:59,099 INFO o.a.j.t.JMeterThread: Stopping because end time detected by thread: Burst 3-142
2025-11-10 21:34:59,099 INFO o.a.j.t.JMeterThread: Thread finished: Burst 3-142
2025-11-10 21:34:59,099 INFO o.a.j.t.JMeterThread: Stopping because end time detected by thread: Burst 3-86
2025-11-10 21:34:59,099 INFO o.a.j.t.JMeterThread: Thread finished: Burst 3-86
2025-11-10 21:34:59,099 INFO o.a.j.t.JMeterThread: Stopping because end time detected by thread: Burst 3-98
2025-11-10 21:34:59,099 INFO o.a.j.t.JMeterThread: Thread finished: Burst 3-98
2025-11-10 21:34:59,099 INFO o.a.j.t.JMeterThread: Stopping because end time detected by thread: Warm-Up 1-50
2025-11-10 21:34:59,099 INFO o.a.j.t.JMeterThread: Thread finished: Warm-Up 1-50
2025-11-10 21:34:59,100 INFO o.a.j.t.JMeterThread: Stopping because end time detected by thread: Burst 3-85
2025-11-10 21:34:59,100 INFO o.a.j.t.JMeterThread: Thread finished: Burst 3-85
2025-11-10 21:34:59,100 INFO o.a.j.t.JMeterThread: Stopping because end time detected by thread: Burst 3-75
2025-11-10 21:34:59,100 INFO o.a.j.t.JMeterThread: Thread finished: Burst 3-75
2025-11-10 21:34:59,100 INFO o.a.j.t.JMeterThread: Stopping because end time detected by thread: Burst 3-34
2025-11-10 21:34:59,100 INFO o.a.j.t.JMeterThread: Thread finished: Burst 3-34
2025-11-10 21:34:59,100 INFO o.a.j.t.JMeterThread: Stopping because end time detected by thread: Burst 3-203
2025-11-10 21:34:59,100 INFO o.a.j.t.JMeterThread: Stopping because end time detected by thread: Burst 3-15
2025-11-10 21:34:59,100 INFO o.a.j.t.JMeterThread: Thread finished: Burst 3-15
2025-11-10 21:34:59,100 INFO o.a.j.t.JMeterThread: Stopping because end time detected by thread: Burst 3-55
2025-11-10 21:34:59,100 INFO o.a.j.t.JMeterThread: Thread finished: Burst 3-55
2025-11-10 21:34:59,101 INFO o.a.j.t.JMeterThread: Stopping because end time detected by thread: Burst 3-182
2025-11-10 21:34:59,101 INFO o.a.j.t.JMeterThread: Thread finished: Burst 3-182
2025-11-10 21:34:59,101 INFO o.a.j.t.JMeterThread: Stopping because end time detected by thread: Burst 3-201
2025-11-10 21:34:59,101 INFO o.a.j.t.JMeterThread: Thread finished: Burst 3-201
2025-11-10 21:34:59,101 INFO o.a.j.t.JMeterThread: Stopping because end time detected by thread: Burst 3-193
2025-11-10 21:34:59,101 INFO o.a.j.t.JMeterThread: Thread finished: Burst 3-193
2025-11-10 21:34:59,101 INFO o.a.j.t.JMeterThread: Stopping because end time detected by thread: Warm-Up 1-38
2025-11-10 21:34:59,101 INFO o.a.j.t.JMeterThread: Thread finished: Warm-Up 1-38
2025-11-10 21:34:59,101 INFO o.a.j.t.JMeterThread: Stopping because end time detected by thread: Burst 3-22
2025-11-10 21:34:59,101 INFO o.a.j.t.JMeterThread: Thread finished: Burst 3-22
2025-11-10 21:34:59,101 INFO o.a.j.t.JMeterThread: Stopping because end time detected by thread: Burst 3-216
2025-11-10 21:34:59,101 INFO o.a.j.t.JMeterThread: Thread finished: Burst 3-216
2025-11-10 21:34:59,102 INFO o.a.j.t.JMeterThread: Stopping because end time detected by thread: Burst 3-52
2025-11-10 21:34:59,102 INFO o.a.j.t.JMeterThread: Thread finished: Burst 3-52
2025-11-10 21:34:59,097 INFO o.a.j.t.JMeterThread: Stopping because end time detected by thread: Burst 3-105
2025-11-10 21:34:59,103 INFO o.a.j.t.JMeterThread: Thread finished: Burst 3-105
2025-11-10 21:34:59,103 INFO o.a.j.t.JMeterThread: Stopping because end time detected by thread: Burst 3-145
2025-11-10 21:34:59,103 INFO o.a.j.t.JMeterThread: Thread finished: Burst 3-145
2025-11-10 21:34:59,103 INFO o.a.j.t.JMeterThread: Stopping because end time detected by thread: Burst 3-161
2025-11-10 21:34:59,103 INFO o.a.j.t.JMeterThread: Thread finished: Burst 3-161
2025-11-10 21:34:59,097 INFO o.a.j.t.JMeterThread: Stopping because end time detected by thread: Burst 3-157
2025-11-10 21:34:59,104 INFO o.a.j.t.JMeterThread: Thread finished: Burst 3-157
2025-11-10 21:34:59,106 INFO o.a.j.t.JMeterThread: Stopping because end time detected by thread: Burst 3-87
2025-11-10 21:34:59,106 INFO o.a.j.t.JMeterThread: Thread finished: Burst 3-87
2025-11-10 21:34:59,106 INFO o.a.j.t.JMeterThread: Stopping because end time detected by thread: Burst 3-32
2025-11-10 21:34:59,106 INFO o.a.j.t.JMeterThread: Thread finished: Burst 3-32
2025-11-10 21:34:59,106 INFO o.a.j.t.JMeterThread: Stopping because end time detected by thread: Burst 3-143
2025-11-10 21:34:59,106 INFO o.a.j.t.JMeterThread: Thread finished: Burst 3-143
2025-11-10 21:34:59,106 INFO o.a.j.t.JMeterThread: Stopping because end time detected by thread: Burst 3-181
2025-11-10 21:34:59,106 INFO o.a.j.t.JMeterThread: Thread finished: Burst 3-181
2025-11-10 21:34:59,106 INFO o.a.j.t.JMeterThread: Stopping because end time detected by thread: Burst 3-115
2025-11-10 21:34:59,106 INFO o.a.j.t.JMeterThread: Thread finished: Burst 3-115
2025-11-10 21:34:59,106 INFO o.a.j.t.JMeterThread: Stopping because end time detected by thread: Burst 3-25
2025-11-10 21:34:59,106 INFO o.a.j.t.JMeterThread: Thread finished: Burst 3-25
2025-11-10 21:34:59,107 INFO o.a.j.t.JMeterThread: Stopping because end time detected by thread: Burst 3-210
2025-11-10 21:34:59,107 INFO o.a.j.t.JMeterThread: Thread finished: Burst 3-210
2025-11-10 21:34:59,107 INFO o.a.j.t.JMeterThread: Stopping because end time detected by thread: Burst 3-150
2025-11-10 21:34:59,107 INFO o.a.j.t.JMeterThread: Thread finished: Burst 3-150
2025-11-10 21:34:59,107 INFO o.a.j.t.JMeterThread: Stopping because end time detected by thread: Burst 3-148
2025-11-10 21:34:59,107 INFO o.a.j.t.JMeterThread: Thread finished: Burst 3-148
2025-11-10 21:34:59,108 INFO o.a.j.t.JMeterThread: Stopping because end time detected by thread: Burst 3-35
2025-11-10 21:34:59,108 INFO o.a.j.t.JMeterThread: Thread finished: Burst 3-35
2025-11-10 21:34:59,108 INFO o.a.j.t.JMeterThread: Stopping because end time detected by thread: Burst 3-184
2025-11-10 21:34:59,108 INFO o.a.j.t.JMeterThread: Thread finished: Burst 3-184
2025-11-10 21:34:59,108 INFO o.a.j.t.JMeterThread: Stopping because end time detected by thread: Burst 3-94
2025-11-10 21:34:59,108 INFO o.a.j.t.JMeterThread: Thread finished: Burst 3-94
2025-11-10 21:34:59,108 INFO o.a.j.t.JMeterThread: Stopping because end time detected by thread: Burst 3-170
2025-11-10 21:34:59,108 INFO o.a.j.t.JMeterThread: Thread finished: Burst 3-170
2025-11-10 21:34:59,108 INFO o.a.j.t.JMeterThread: Stopping because end time detected by thread: Burst 3-77
2025-11-10 21:34:59,108 INFO o.a.j.t.JMeterThread: Thread finished: Burst 3-77
2025-11-10 21:34:59,109 INFO o.a.j.t.JMeterThread: Stopping because end time detected by thread: Burst 3-179
2025-11-10 21:34:59,109 INFO o.a.j.t.JMeterThread: Thread finished: Burst 3-179
2025-11-10 21:34:59,109 INFO o.a.j.t.JMeterThread: Stopping because end time detected by thread: Burst 3-24
2025-11-10 21:34:59,109 INFO o.a.j.t.JMeterThread: Thread finished: Burst 3-24
2025-11-10 21:34:59,109 INFO o.a.j.t.JMeterThread: Stopping because end time detected by thread: Burst 3-149
2025-11-10 21:34:59,109 INFO o.a.j.t.JMeterThread: Thread finished: Burst 3-149
2025-11-10 21:34:59,109 INFO o.a.j.t.JMeterThread: Stopping because end time detected by thread: Burst 3-180
2025-11-10 21:34:59,109 INFO o.a.j.t.JMeterThread: Thread finished: Burst 3-180
2025-11-10 21:34:59,109 INFO o.a.j.t.JMeterThread: Stopping because end time detected by thread: Burst 3-3
2025-11-10 21:34:59,109 INFO o.a.j.t.JMeterThread: Thread finished: Burst 3-3
2025-11-10 21:34:59,109 INFO o.a.j.t.JMeterThread: Stopping because end time detected by thread: Burst 3-123
2025-11-10 21:34:59,109 INFO o.a.j.t.JMeterThread: Thread finished: Burst 3-123
2025-11-10 21:34:59,109 INFO o.a.j.t.JMeterThread: Stopping because end time detected by thread: Burst 3-28
2025-11-10 21:34:59,109 INFO o.a.j.t.JMeterThread: Thread finished: Burst 3-28
2025-11-10 21:34:59,109 INFO o.a.j.t.JMeterThread: Stopping because end time detected by thread: Burst 3-147
2025-11-10 21:34:59,109 INFO o.a.j.t.JMeterThread: Thread finished: Burst 3-147
2025-11-10 21:34:59,110 INFO o.a.j.t.JMeterThread: Stopping because end time detected by thread: Burst 3-222
2025-11-10 21:34:59,110 INFO o.a.j.t.JMeterThread: Thread finished: Burst 3-222
2025-11-10 21:34:59,110 INFO o.a.j.t.JMeterThread: Stopping because end time detected by thread: Burst 3-99
2025-11-10 21:34:59,110 INFO o.a.j.t.JMeterThread: Thread finished: Burst 3-99
2025-11-10 21:34:59,110 INFO o.a.j.t.JMeterThread: Stopping because end time detected by thread: Burst 3-48
2025-11-10 21:34:59,110 INFO o.a.j.t.JMeterThread: Thread finished: Burst 3-48
2025-11-10 21:34:59,110 INFO o.a.j.t.JMeterThread: Stopping because end time detected by thread: Burst 3-82
2025-11-10 21:34:59,110 INFO o.a.j.t.JMeterThread: Thread finished: Burst 3-82
2025-11-10 21:34:59,110 INFO o.a.j.t.JMeterThread: Stopping because end time detected by thread: Burst 3-151
2025-11-10 21:34:59,110 INFO o.a.j.t.JMeterThread: Thread finished: Burst 3-151
2025-11-10 21:34:59,110 INFO o.a.j.t.JMeterThread: Stopping because end time detected by thread: Burst 3-95
2025-11-10 21:34:59,110 INFO o.a.j.t.JMeterThread: Thread finished: Burst 3-95
2025-11-10 21:34:59,111 INFO o.a.j.t.JMeterThread: Stopping because end time detected by thread: Burst 3-57
2025-11-10 21:34:59,111 INFO o.a.j.t.JMeterThread: Thread finished: Burst 3-57
2025-11-10 21:34:59,111 INFO o.a.j.t.JMeterThread: Stopping because end time detected by thread: Burst 3-189
2025-11-10 21:34:59,111 INFO o.a.j.t.JMeterThread: Thread finished: Burst 3-189
2025-11-10 21:34:59,111 INFO o.a.j.t.JMeterThread: Stopping because end time detected by thread: Burst 3-11
2025-11-10 21:34:59,111 INFO o.a.j.t.JMeterThread: Thread finished: Burst 3-11
2025-11-10 21:34:59,111 INFO o.a.j.t.JMeterThread: Stopping because end time detected by thread: Burst 3-132
2025-11-10 21:34:59,111 INFO o.a.j.t.JMeterThread: Thread finished: Burst 3-132
2025-11-10 21:34:59,112 INFO o.a.j.t.JMeterThread: Stopping because end time detected by thread: Burst 3-196
2025-11-10 21:34:59,112 INFO o.a.j.t.JMeterThread: Thread finished: Burst 3-196
2025-11-10 21:34:59,112 INFO o.a.j.t.JMeterThread: Stopping because end time detected by thread: Burst 3-211
2025-11-10 21:34:59,112 INFO o.a.j.t.JMeterThread: Thread finished: Burst 3-211
2025-11-10 21:34:59,112 INFO o.a.j.t.JMeterThread: Stopping because end time detected by thread: Burst 3-7
2025-11-10 21:34:59,112 INFO o.a.j.t.JMeterThread: Thread finished: Burst 3-7
2025-11-10 21:34:59,112 INFO o.a.j.t.JMeterThread: Stopping because end time detected by thread: Burst 3-152
2025-11-10 21:34:59,112 INFO o.a.j.t.JMeterThread: Thread finished: Burst 3-152
2025-11-10 21:34:59,112 INFO o.a.j.t.JMeterThread: Stopping because end time detected by thread: Burst 3-117
2025-11-10 21:34:59,112 INFO o.a.j.t.JMeterThread: Thread finished: Burst 3-117
2025-11-10 21:34:59,112 INFO o.a.j.t.JMeterThread: Stopping because end time detected by thread: Burst 3-111
2025-11-10 21:34:59,112 INFO o.a.j.t.JMeterThread: Thread finished: Burst 3-111
2025-11-10 21:34:59,112 INFO o.a.j.t.JMeterThread: Stopping because end time detected by thread: Burst 3-165
2025-11-10 21:34:59,112 INFO o.a.j.t.JMeterThread: Thread finished: Burst 3-165
2025-11-10 21:34:59,112 INFO o.a.j.t.JMeterThread: Stopping because end time detected by thread: Burst 3-30
2025-11-10 21:34:59,112 INFO o.a.j.t.JMeterThread: Thread finished: Burst 3-30
2025-11-10 21:34:59,113 INFO o.a.j.t.JMeterThread: Stopping because end time detected by thread: Burst 3-221
2025-11-10 21:34:59,113 INFO o.a.j.t.JMeterThread: Thread finished: Burst 3-221
2025-11-10 21:34:59,113 INFO o.a.j.t.JMeterThread: Stopping because end time detected by thread: Burst 3-37
2025-11-10 21:34:59,113 INFO o.a.j.t.JMeterThread: Thread finished: Burst 3-37
2025-11-10 21:34:59,113 INFO o.a.j.t.JMeterThread: Stopping because end time detected by thread: Burst 3-130
2025-11-10 21:34:59,113 INFO o.a.j.t.JMeterThread: Thread finished: Burst 3-130
2025-11-10 21:34:59,115 INFO o.a.j.t.JMeterThread: Stopping because end time detected by thread: Burst 3-175
2025-11-10 21:34:59,115 INFO o.a.j.t.JMeterThread: Thread finished: Burst 3-175
2025-11-10 21:34:59,117 INFO o.a.j.t.JMeterThread: Stopping because end time detected by thread: Burst 3-227
2025-11-10 21:34:59,117 INFO o.a.j.t.JMeterThread: Thread finished: Burst 3-227
2025-11-10 21:34:59,117 INFO o.a.j.t.JMeterThread: Stopping because end time detected by thread: Burst 3-162
2025-11-10 21:34:59,117 INFO o.a.j.t.JMeterThread: Thread finished: Burst 3-162
2025-11-10 21:34:59,118 INFO o.a.j.t.JMeterThread: Stopping because end time detected by thread: Burst 3-202
2025-11-10 21:34:59,118 INFO o.a.j.t.JMeterThread: Thread finished: Burst 3-202
2025-11-10 21:34:59,118 INFO o.a.j.t.JMeterThread: Stopping because end time detected by thread: Burst 3-171
2025-11-10 21:34:59,118 INFO o.a.j.t.JMeterThread: Thread finished: Burst 3-171
2025-11-10 21:34:59,121 INFO o.a.j.t.JMeterThread: Stopping because end time detected by thread: Burst 3-23
2025-11-10 21:34:59,121 INFO o.a.j.t.JMeterThread: Thread finished: Burst 3-23
2025-11-10 21:34:59,121 INFO o.a.j.t.JMeterThread: Stopping because end time detected by thread: Burst 3-166
2025-11-10 21:34:59,121 INFO o.a.j.t.JMeterThread: Thread finished: Burst 3-166
2025-11-10 21:34:59,121 INFO o.a.j.t.JMeterThread: Stopping because end time detected by thread: Burst 3-235
2025-11-10 21:34:59,121 INFO o.a.j.t.JMeterThread: Thread finished: Burst 3-235
2025-11-10 21:34:59,122 INFO o.a.j.t.JMeterThread: Stopping because end time detected by thread: Burst 3-140
2025-11-10 21:34:59,125 INFO o.a.j.t.JMeterThread: Thread finished: Burst 3-140
2025-11-10 21:34:59,125 INFO o.a.j.t.JMeterThread: Stopping because end time detected by thread: Burst 3-214
2025-11-10 21:34:59,125 INFO o.a.j.t.JMeterThread: Thread finished: Burst 3-214
2025-11-10 21:34:59,125 INFO o.a.j.t.JMeterThread: Stopping because end time detected by thread: Burst 3-212
2025-11-10 21:34:59,125 INFO o.a.j.t.JMeterThread: Thread finished: Burst 3-212
2025-11-10 21:34:59,125 INFO o.a.j.t.JMeterThread: Stopping because end time detected by thread: Burst 3-209
2025-11-10 21:34:59,125 INFO o.a.j.t.JMeterThread: Thread finished: Burst 3-209
2025-11-10 21:34:59,125 INFO o.a.j.t.JMeterThread: Stopping because end time detected by thread: Burst 3-169
2025-11-10 21:34:59,125 INFO o.a.j.t.JMeterThread: Thread finished: Burst 3-169
2025-11-10 21:34:59,125 INFO o.a.j.t.JMeterThread: Stopping because end time detected by thread: Burst 3-225
2025-11-10 21:34:59,125 INFO o.a.j.t.JMeterThread: Thread finished: Burst 3-225
2025-11-10 21:34:59,125 INFO o.a.j.t.JMeterThread: Stopping because end time detected by thread: Burst 3-174
2025-11-10 21:34:59,125 INFO o.a.j.t.JMeterThread: Thread finished: Burst 3-174
2025-11-10 21:34:59,126 INFO o.a.j.t.JMeterThread: Stopping because end time detected by thread: Burst 3-43
2025-11-10 21:34:59,126 INFO o.a.j.t.JMeterThread: Thread finished: Burst 3-43
2025-11-10 21:34:59,126 INFO o.a.j.t.JMeterThread: Stopping because end time detected by thread: Burst 3-195
2025-11-10 21:34:59,126 INFO o.a.j.t.JMeterThread: Thread finished: Burst 3-195
2025-11-10 21:34:59,126 INFO o.a.j.t.JMeterThread: Stopping because end time detected by thread: Burst 3-41
2025-11-10 21:34:59,126 INFO o.a.j.t.JMeterThread: Thread finished: Burst 3-41
2025-11-10 21:34:59,126 INFO o.a.j.t.JMeterThread: Stopping because end time detected by thread: Burst 3-160
2025-11-10 21:34:59,126 INFO o.a.j.t.JMeterThread: Thread finished: Burst 3-160
2025-11-10 21:34:59,126 INFO o.a.j.t.JMeterThread: Stopping because end time detected by thread: Burst 3-218
2025-11-10 21:34:59,126 INFO o.a.j.t.JMeterThread: Thread finished: Burst 3-218
2025-11-10 21:34:59,126 INFO o.a.j.t.JMeterThread: Stopping because end time detected by thread: Burst 3-6
2025-11-10 21:34:59,126 INFO o.a.j.t.JMeterThread: Thread finished: Burst 3-6
2025-11-10 21:34:59,127 INFO o.a.j.t.JMeterThread: Stopping because end time detected by thread: Burst 3-83
2025-11-10 21:34:59,127 INFO o.a.j.t.JMeterThread: Thread finished: Burst 3-83
2025-11-10 21:34:59,128 INFO o.a.j.t.JMeterThread: Stopping because end time detected by thread: Burst 3-126
2025-11-10 21:34:59,128 INFO o.a.j.t.JMeterThread: Stopping because end time detected by thread: Burst 3-97
2025-11-10 21:34:59,129 INFO o.a.j.t.JMeterThread: Thread finished: Burst 3-97
2025-11-10 21:34:59,129 INFO o.a.j.t.JMeterThread: Stopping because end time detected by thread: Burst 3-122
2025-11-10 21:34:59,129 INFO o.a.j.t.JMeterThread: Thread finished: Burst 3-122
2025-11-10 21:34:59,130 INFO o.a.j.t.JMeterThread: Stopping because end time detected by thread: Burst 3-233
2025-11-10 21:34:59,130 INFO o.a.j.t.JMeterThread: Thread finished: Burst 3-233
2025-11-10 21:34:59,130 INFO o.a.j.t.JMeterThread: Stopping because end time detected by thread: Burst 3-156
2025-11-10 21:34:59,130 INFO o.a.j.t.JMeterThread: Thread finished: Burst 3-156
2025-11-10 21:34:59,130 INFO o.a.j.t.JMeterThread: Stopping because end time detected by thread: Burst 3-144
2025-11-10 21:34:59,130 INFO o.a.j.t.JMeterThread: Thread finished: Burst 3-144
2025-11-10 21:34:59,131 INFO o.a.j.t.JMeterThread: Stopping because end time detected by thread: Burst 3-238
2025-11-10 21:34:59,131 INFO o.a.j.t.JMeterThread: Thread finished: Burst 3-238
2025-11-10 21:34:59,131 INFO o.a.j.t.JMeterThread: Stopping because end time detected by thread: Burst 3-84
2025-11-10 21:34:59,131 INFO o.a.j.t.JMeterThread: Thread finished: Burst 3-84
2025-11-10 21:34:59,131 INFO o.a.j.t.JMeterThread: Stopping because end time detected by thread: Burst 3-78
2025-11-10 21:34:59,131 INFO o.a.j.t.JMeterThread: Thread finished: Burst 3-78
2025-11-10 21:34:59,131 INFO o.a.j.t.JMeterThread: Stopping because end time detected by thread: Burst 3-199
2025-11-10 21:34:59,131 INFO o.a.j.t.JMeterThread: Thread finished: Burst 3-199
2025-11-10 21:34:59,132 INFO o.a.j.t.JMeterThread: Stopping because end time detected by thread: Burst 3-116
2025-11-10 21:34:59,132 INFO o.a.j.t.JMeterThread: Thread finished: Burst 3-116
2025-11-10 21:34:59,132 INFO o.a.j.t.JMeterThread: Stopping because end time detected by thread: Burst 3-9
2025-11-10 21:34:59,132 INFO o.a.j.t.JMeterThread: Thread finished: Burst 3-9
2025-11-10 21:34:59,132 INFO o.a.j.t.JMeterThread: Stopping because end time detected by thread: Burst 3-121
2025-11-10 21:34:59,132 INFO o.a.j.t.JMeterThread: Thread finished: Burst 3-121
2025-11-10 21:34:59,132 INFO o.a.j.t.JMeterThread: Stopping because end time detected by thread: Burst 3-239
2025-11-10 21:34:59,132 INFO o.a.j.t.JMeterThread: Thread finished: Burst 3-239
2025-11-10 21:34:59,132 INFO o.a.j.t.JMeterThread: Stopping because end time detected by thread: Burst 3-240
2025-11-10 21:34:59,132 INFO o.a.j.t.JMeterThread: Thread finished: Burst 3-240
2025-11-10 21:34:59,132 INFO o.a.j.t.JMeterThread: Stopping because end time detected by thread: Burst 3-243
2025-11-10 21:34:59,132 INFO o.a.j.t.JMeterThread: Thread finished: Burst 3-243
2025-11-10 21:34:59,132 INFO o.a.j.t.JMeterThread: Stopping because end time detected by thread: Burst 3-65
2025-11-10 21:34:59,133 INFO o.a.j.t.JMeterThread: Thread finished: Burst 3-65
2025-11-10 21:34:59,133 INFO o.a.j.t.JMeterThread: Stopping because end time detected by thread: Burst 3-153
2025-11-10 21:34:59,133 INFO o.a.j.t.JMeterThread: Thread finished: Burst 3-153
2025-11-10 21:34:59,133 INFO o.a.j.t.JMeterThread: Stopping because end time detected by thread: Burst 3-146
2025-11-10 21:34:59,133 INFO o.a.j.t.JMeterThread: Thread finished: Burst 3-146
2025-11-10 21:34:59,133 INFO o.a.j.t.JMeterThread: Stopping because end time detected by thread: Burst 3-26
2025-11-10 21:34:59,133 INFO o.a.j.t.JMeterThread: Thread finished: Burst 3-26
2025-11-10 21:34:59,133 INFO o.a.j.t.JMeterThread: Stopping because end time detected by thread: Burst 3-76
2025-11-10 21:34:59,133 INFO o.a.j.t.JMeterThread: Thread finished: Burst 3-76
2025-11-10 21:34:59,134 INFO o.a.j.t.JMeterThread: Stopping because end time detected by thread: Burst 3-101
2025-11-10 21:34:59,134 INFO o.a.j.t.JMeterThread: Thread finished: Burst 3-101
2025-11-10 21:34:59,134 INFO o.a.j.t.JMeterThread: Stopping because end time detected by thread: Burst 3-21
2025-11-10 21:34:59,134 INFO o.a.j.t.JMeterThread: Thread finished: Burst 3-21
2025-11-10 21:34:59,135 INFO o.a.j.t.JMeterThread: Stopping because end time detected by thread: Burst 3-186
2025-11-10 21:34:59,135 INFO o.a.j.t.JMeterThread: Thread finished: Burst 3-186
2025-11-10 21:34:59,136 INFO o.a.j.t.JMeterThread: Stopping because end time detected by thread: Burst 3-16
2025-11-10 21:34:59,136 INFO o.a.j.t.JMeterThread: Thread finished: Burst 3-16
2025-11-10 21:34:59,136 INFO o.a.j.t.JMeterThread: Stopping because end time detected by thread: Burst 3-249
2025-11-10 21:34:59,136 INFO o.a.j.t.JMeterThread: Thread finished: Burst 3-249
2025-11-10 21:34:59,137 INFO o.a.j.t.JMeterThread: Stopping because end time detected by thread: Burst 3-248
2025-11-10 21:34:59,137 INFO o.a.j.t.JMeterThread: Thread finished: Burst 3-248
2025-11-10 21:34:59,137 INFO o.a.j.t.JMeterThread: Stopping because end time detected by thread: Burst 3-241
2025-11-10 21:34:59,137 INFO o.a.j.t.JMeterThread: Thread finished: Burst 3-241
2025-11-10 21:34:59,140 INFO o.a.j.t.JMeterThread: Stopping because end time detected by thread: Burst 3-258
2025-11-10 21:34:59,140 INFO o.a.j.t.JMeterThread: Thread finished: Burst 3-258
2025-11-10 21:34:59,141 INFO o.a.j.t.JMeterThread: Stopping because end time detected by thread: Burst 3-205
2025-11-10 21:34:59,141 INFO o.a.j.t.JMeterThread: Thread finished: Burst 3-205
2025-11-10 21:34:59,141 INFO o.a.j.t.JMeterThread: Stopping because end time detected by thread: Burst 3-259
2025-11-10 21:34:59,141 INFO o.a.j.t.JMeterThread: Thread finished: Burst 3-259
2025-11-10 21:34:59,142 INFO o.a.j.t.JMeterThread: Stopping because end time detected by thread: Burst 3-176
2025-11-10 21:34:59,142 INFO o.a.j.t.JMeterThread: Thread finished: Burst 3-176
2025-11-10 21:34:59,143 INFO o.a.j.t.JMeterThread: Stopping because end time detected by thread: Burst 3-129
2025-11-10 21:34:59,143 INFO o.a.j.t.JMeterThread: Thread finished: Burst 3-129
2025-11-10 21:34:59,145 INFO o.a.j.t.JMeterThread: Stopping because end time detected by thread: Burst 3-66
2025-11-10 21:34:59,145 INFO o.a.j.t.JMeterThread: Thread finished: Burst 3-66
2025-11-10 21:34:59,145 INFO o.a.j.t.JMeterThread: Stopping because end time detected by thread: Burst 3-27
2025-11-10 21:34:59,145 INFO o.a.j.t.JMeterThread: Thread finished: Burst 3-27
2025-11-10 21:34:59,147 INFO o.a.j.t.JMeterThread: Stopping because end time detected by thread: Burst 3-268
2025-11-10 21:34:59,147 INFO o.a.j.t.JMeterThread: Thread finished: Burst 3-268
2025-11-10 21:34:59,148 INFO o.a.j.t.JMeterThread: Stopping because end time detected by thread: Burst 3-266
2025-11-10 21:34:59,148 INFO o.a.j.t.JMeterThread: Thread finished: Burst 3-266
2025-11-10 21:34:59,151 INFO o.a.j.t.JMeterThread: Stopping because end time detected by thread: Burst 3-274
2025-11-10 21:34:59,151 INFO o.a.j.t.JMeterThread: Thread finished: Burst 3-274
2025-11-10 21:34:59,152 INFO o.a.j.t.JMeterThread: Stopping because end time detected by thread: Burst 3-270
2025-11-10 21:34:59,152 INFO o.a.j.t.JMeterThread: Thread finished: Burst 3-270
2025-11-10 21:34:59,154 INFO o.a.j.t.JMeterThread: Stopping because end time detected by thread: Burst 3-278
2025-11-10 21:34:59,154 INFO o.a.j.t.JMeterThread: Thread finished: Burst 3-278
2025-11-10 21:34:59,155 INFO o.a.j.t.JMeterThread: Stopping because end time detected by thread: Burst 3-275
2025-11-10 21:34:59,155 INFO o.a.j.t.JMeterThread: Thread finished: Burst 3-275
2025-11-10 21:34:59,155 INFO o.a.j.t.JMeterThread: Stopping because end time detected by thread: Burst 3-281
2025-11-10 21:34:59,155 INFO o.a.j.t.JMeterThread: Thread finished: Burst 3-281
2025-11-10 21:34:59,158 INFO o.a.j.t.JMeterThread: Stopping because end time detected by thread: Burst 3-292
2025-11-10 21:34:59,158 INFO o.a.j.t.JMeterThread: Thread finished: Burst 3-292
2025-11-10 21:34:59,158 INFO o.a.j.t.JMeterThread: Stopping because end time detected by thread: Burst 3-290
2025-11-10 21:34:59,158 INFO o.a.j.t.JMeterThread: Thread finished: Burst 3-290
2025-11-10 21:34:59,159 INFO o.a.j.t.JMeterThread: Stopping because end time detected by thread: Burst 3-286
2025-11-10 21:34:59,159 INFO o.a.j.t.JMeterThread: Thread finished: Burst 3-286
2025-11-10 21:34:59,159 INFO o.a.j.t.JMeterThread: Stopping because end time detected by thread: Burst 3-284
2025-11-10 21:34:59,159 INFO o.a.j.t.JMeterThread: Thread finished: Burst 3-284
2025-11-10 21:34:59,161 INFO o.a.j.t.JMeterThread: Stopping because end time detected by thread: Burst 3-298
2025-11-10 21:34:59,161 INFO o.a.j.t.JMeterThread: Thread finished: Burst 3-298
2025-11-10 21:34:59,162 INFO o.a.j.t.JMeterThread: Stopping because end time detected by thread: Burst 3-289
2025-11-10 21:34:59,162 INFO o.a.j.t.JMeterThread: Thread finished: Burst 3-289
2025-11-10 21:34:59,168 INFO o.a.j.t.JMeterThread: Stopping because end time detected by thread: Burst 3-303
2025-11-10 21:34:59,168 INFO o.a.j.t.JMeterThread: Thread finished: Burst 3-303
2025-11-10 21:34:59,173 INFO o.a.j.t.JMeterThread: Stopping because end time detected by thread: Burst 3-228
2025-11-10 21:34:59,173 INFO o.a.j.t.JMeterThread: Thread finished: Burst 3-228
2025-11-10 21:34:59,174 INFO o.a.j.t.JMeterThread: Stopping because end time detected by thread: Burst 3-282
2025-11-10 21:34:59,178 INFO o.a.j.t.JMeterThread: Thread finished: Burst 3-282
2025-11-10 21:34:59,178 INFO o.a.j.t.JMeterThread: Stopping because end time detected by thread: Burst 3-69
2025-11-10 21:34:59,178 INFO o.a.j.t.JMeterThread: Stopping because end time detected by thread: Burst 3-118
2025-11-10 21:34:59,178 INFO o.a.j.t.JMeterThread: Thread finished: Burst 3-118
2025-11-10 21:34:59,178 INFO o.a.j.t.JMeterThread: Stopping because end time detected by thread: Burst 3-262
2025-11-10 21:34:59,178 INFO o.a.j.t.JMeterThread: Thread finished: Burst 3-262
2025-11-10 21:34:59,178 INFO o.a.j.t.JMeterThread: Stopping because end time detected by thread: Burst 3-19
2025-11-10 21:34:59,178 INFO o.a.j.t.JMeterThread: Thread finished: Burst 3-19
2025-11-10 21:34:59,178 INFO o.a.j.t.JMeterThread: Stopping because end time detected by thread: Burst 3-40
2025-11-10 21:34:59,178 INFO o.a.j.t.JMeterThread: Thread finished: Burst 3-40
2025-11-10 21:34:59,178 INFO o.a.j.t.JMeterThread: Stopping because end time detected by thread: Burst 3-183
2025-11-10 21:34:59,179 INFO o.a.j.t.JMeterThread: Thread finished: Burst 3-183
2025-11-10 21:34:59,179 INFO o.a.j.t.JMeterThread: Stopping because end time detected by thread: Burst 3-256
2025-11-10 21:34:59,179 INFO o.a.j.t.JMeterThread: Thread finished: Burst 3-256
2025-11-10 21:34:59,179 INFO o.a.j.t.JMeterThread: Stopping because end time detected by thread: Burst 3-260
2025-11-10 21:34:59,179 INFO o.a.j.t.JMeterThread: Thread finished: Burst 3-260
2025-11-10 21:34:59,179 INFO o.a.j.t.JMeterThread: Stopping because end time detected by thread: Burst 3-188
2025-11-10 21:34:59,179 INFO o.a.j.t.JMeterThread: Thread finished: Burst 3-188
2025-11-10 21:34:59,180 INFO o.a.j.t.JMeterThread: Stopping because end time detected by thread: Burst 3-296
2025-11-10 21:34:59,180 INFO o.a.j.t.JMeterThread: Thread finished: Burst 3-296
2025-11-10 21:34:59,180 INFO o.a.j.t.JMeterThread: Stopping because end time detected by thread: Burst 3-219
2025-11-10 21:34:59,180 INFO o.a.j.t.JMeterThread: Thread finished: Burst 3-219
2025-11-10 21:34:59,180 INFO o.a.j.t.JMeterThread: Stopping because end time detected by thread: Burst 3-128
2025-11-10 21:34:59,180 INFO o.a.j.t.JMeterThread: Thread finished: Burst 3-128
2025-11-10 21:34:59,180 INFO o.a.j.t.JMeterThread: Stopping because end time detected by thread: Burst 3-272
2025-11-10 21:34:59,180 INFO o.a.j.t.JMeterThread: Thread finished: Burst 3-272
2025-11-10 21:34:59,180 INFO o.a.j.t.JMeterThread: Stopping because end time detected by thread: Burst 3-194
2025-11-10 21:34:59,180 INFO o.a.j.t.JMeterThread: Thread finished: Burst 3-194
2025-11-10 21:34:59,180 INFO o.a.j.t.JMeterThread: Stopping because end time detected by thread: Burst 3-230
2025-11-10 21:34:59,180 INFO o.a.j.t.JMeterThread: Thread finished: Burst 3-230
2025-11-10 21:34:59,180 INFO o.a.j.t.JMeterThread: Stopping because end time detected by thread: Burst 3-314
2025-11-10 21:34:59,180 INFO o.a.j.t.JMeterThread: Thread finished: Burst 3-314
2025-11-10 21:34:59,181 INFO o.a.j.t.JMeterThread: Stopping because end time detected by thread: Burst 3-206
2025-11-10 21:34:59,181 INFO o.a.j.t.JMeterThread: Thread finished: Burst 3-206
2025-11-10 21:34:59,181 INFO o.a.j.t.JMeterThread: Stopping because end time detected by thread: Burst 3-106
2025-11-10 21:34:59,181 INFO o.a.j.t.JMeterThread: Thread finished: Burst 3-106
2025-11-10 21:34:59,181 INFO o.a.j.t.JMeterThread: Stopping because end time detected by thread: Burst 3-163
2025-11-10 21:34:59,181 INFO o.a.j.t.JMeterThread: Thread finished: Burst 3-163
2025-11-10 21:34:59,181 INFO o.a.j.t.JMeterThread: Stopping because end time detected by thread: Burst 3-283
2025-11-10 21:34:59,181 INFO o.a.j.t.JMeterThread: Thread finished: Burst 3-283
2025-11-10 21:34:59,181 INFO o.a.j.t.JMeterThread: Stopping because end time detected by thread: Burst 3-8
2025-11-10 21:34:59,181 INFO o.a.j.t.JMeterThread: Thread finished: Burst 3-8
2025-11-10 21:34:59,181 INFO o.a.j.t.JMeterThread: Stopping because end time detected by thread: Burst 3-90
2025-11-10 21:34:59,181 INFO o.a.j.t.JMeterThread: Thread finished: Burst 3-90
2025-11-10 21:34:59,181 INFO o.a.j.t.JMeterThread: Stopping because end time detected by thread: Burst 3-12
2025-11-10 21:34:59,181 INFO o.a.j.t.JMeterThread: Thread finished: Burst 3-12
2025-11-10 21:34:59,181 INFO o.a.j.t.JMeterThread: Stopping because end time detected by thread: Burst 3-13
2025-11-10 21:34:59,181 INFO o.a.j.t.JMeterThread: Thread finished: Burst 3-13
2025-11-10 21:34:59,182 INFO o.a.j.t.JMeterThread: Stopping because end time detected by thread: Burst 3-44
2025-11-10 21:34:59,182 INFO o.a.j.t.JMeterThread: Thread finished: Burst 3-44
2025-11-10 21:34:59,100 INFO o.a.j.t.JMeterThread: Thread finished: Burst 3-203
2025-11-10 21:34:59,099 INFO o.a.j.t.JMeterThread: Stopping because end time detected by thread: Burst 3-213
2025-11-10 21:34:59,182 INFO o.a.j.t.JMeterThread: Thread finished: Burst 3-213
2025-11-10 21:34:59,182 INFO o.a.j.t.JMeterThread: Stopping because end time detected by thread: Burst 3-125
2025-11-10 21:34:59,182 INFO o.a.j.t.JMeterThread: Thread finished: Burst 3-125
2025-11-10 21:34:59,183 INFO o.a.j.t.JMeterThread: Stopping because end time detected by thread: Burst 3-318
2025-11-10 21:34:59,183 INFO o.a.j.t.JMeterThread: Thread finished: Burst 3-318
2025-11-10 21:34:59,183 INFO o.a.j.t.JMeterThread: Stopping because end time detected by thread: Burst 3-273
2025-11-10 21:34:59,183 INFO o.a.j.t.JMeterThread: Thread finished: Burst 3-273
2025-11-10 21:34:59,183 INFO o.a.j.t.JMeterThread: Stopping because end time detected by thread: Burst 3-254
2025-11-10 21:34:59,099 INFO o.a.j.t.JMeterThread: Stopping because end time detected by thread: Burst 3-10
2025-11-10 21:34:59,183 INFO o.a.j.t.JMeterThread: Thread finished: Burst 3-254
2025-11-10 21:34:59,183 INFO o.a.j.t.JMeterThread: Stopping because end time detected by thread: Burst 3-310
2025-11-10 21:34:59,183 INFO o.a.j.t.JMeterThread: Thread finished: Burst 3-310
2025-11-10 21:34:59,183 INFO o.a.j.t.JMeterThread: Thread finished: Burst 3-10
2025-11-10 21:34:59,181 INFO o.a.j.t.JMeterThread: Stopping because end time detected by thread: Burst 3-70
2025-11-10 21:34:59,183 INFO o.a.j.t.JMeterThread: Thread finished: Burst 3-70
2025-11-10 21:34:59,180 INFO o.a.j.t.JMeterThread: Stopping because end time detected by thread: Burst 3-271
2025-11-10 21:34:59,183 INFO o.a.j.t.JMeterThread: Thread finished: Burst 3-271
2025-11-10 21:34:59,178 INFO o.a.j.t.JMeterThread: Thread finished: Burst 3-69
2025-11-10 21:34:59,178 INFO o.a.j.t.JMeterThread: Stopping because end time detected by thread: Burst 3-18
2025-11-10 21:34:59,183 INFO o.a.j.t.JMeterThread: Thread finished: Burst 3-18
2025-11-10 21:34:59,178 INFO o.a.j.t.JMeterThread: Stopping because end time detected by thread: Burst 3-217
2025-11-10 21:34:59,178 INFO o.a.j.t.JMeterThread: Stopping because end time detected by thread: Burst 3-250
2025-11-10 21:34:59,183 INFO o.a.j.t.JMeterThread: Thread finished: Burst 3-250
2025-11-10 21:34:59,178 INFO o.a.j.t.JMeterThread: Stopping because end time detected by thread: Burst 3-261
2025-11-10 21:34:59,177 INFO o.a.j.t.JMeterThread: Stopping because end time detected by thread: Burst 3-58
2025-11-10 21:34:59,177 INFO o.a.j.t.JMeterThread: Stopping because end time detected by thread: Burst 3-192
2025-11-10 21:34:59,183 INFO o.a.j.t.JMeterThread: Thread finished: Burst 3-192
2025-11-10 21:34:59,183 INFO o.a.j.t.JMeterThread: Thread finished: Burst 3-58
2025-11-10 21:34:59,174 INFO o.a.j.t.JMeterThread: Stopping because end time detected by thread: Burst 3-49
2025-11-10 21:34:59,183 INFO o.a.j.t.JMeterThread: Thread finished: Burst 3-49
2025-11-10 21:34:59,174 INFO o.a.j.t.JMeterThread: Stopping because end time detected by thread: Burst 3-208
2025-11-10 21:34:59,174 INFO o.a.j.t.JMeterThread: Stopping because end time detected by thread: Warm-Up 1-33
2025-11-10 21:34:59,174 INFO o.a.j.t.JMeterThread: Stopping because end time detected by thread: Burst 3-198
2025-11-10 21:34:59,184 INFO o.a.j.t.JMeterThread: Thread finished: Burst 3-198
2025-11-10 21:34:59,174 INFO o.a.j.t.JMeterThread: Stopping because end time detected by thread: Burst 3-234
2025-11-10 21:34:59,184 INFO o.a.j.t.JMeterThread: Thread finished: Burst 3-234
2025-11-10 21:34:59,174 INFO o.a.j.t.JMeterThread: Stopping because end time detected by thread: Burst 3-187
2025-11-10 21:34:59,174 INFO o.a.j.t.JMeterThread: Stopping because end time detected by thread: Burst 3-51
2025-11-10 21:34:59,184 INFO o.a.j.t.JMeterThread: Thread finished: Burst 3-187
2025-11-10 21:34:59,133 INFO o.a.j.t.JMeterThread: Stopping because end time detected by thread: Burst 3-158
2025-11-10 21:34:59,184 INFO o.a.j.t.JMeterThread: Thread finished: Burst 3-51
2025-11-10 21:34:59,132 INFO o.a.j.t.JMeterThread: Stopping because end time detected by thread: Burst 3-177
2025-11-10 21:34:59,128 INFO o.a.j.t.JMeterThread: Thread finished: Burst 3-126
2025-11-10 21:34:59,125 INFO o.a.j.t.JMeterThread: Stopping because end time detected by thread: Burst 3-45
2025-11-10 21:34:59,184 INFO o.a.j.t.JMeterThread: Thread finished: Burst 3-45
2025-11-10 21:34:59,125 INFO o.a.j.t.JMeterThread: Stopping because end time detected by thread: Burst 3-120
2025-11-10 21:34:59,125 INFO o.a.j.t.JMeterThread: Stopping because end time detected by thread: Burst 3-56
2025-11-10 21:34:59,184 INFO o.a.j.t.JMeterThread: Thread finished: Burst 3-120
2025-11-10 21:34:59,125 INFO o.a.j.t.JMeterThread: Stopping because end time detected by thread: Burst 3-80
2025-11-10 21:34:59,125 INFO o.a.j.t.JMeterThread: Stopping because end time detected by thread: Burst 3-88
2025-11-10 21:34:59,184 INFO o.a.j.t.JMeterThread: Thread finished: Burst 3-80
2025-11-10 21:34:59,184 INFO o.a.j.t.JMeterThread: Stopping because end time detected by thread: Burst 3-159
2025-11-10 21:34:59,122 INFO o.a.j.t.JMeterThread: Stopping because end time detected by thread: Burst 3-102
2025-11-10 21:34:59,112 INFO o.a.j.t.JMeterThread: Stopping because end time detected by thread: Burst 3-79
2025-11-10 21:34:59,108 INFO o.a.j.t.JMeterThread: Stopping because end time detected by thread: Burst 3-68
2025-11-10 21:34:59,184 INFO o.a.j.t.JMeterThread: Thread finished: Burst 3-79
2025-11-10 21:34:59,108 INFO o.a.j.t.JMeterThread: Stopping because end time detected by thread: Burst 3-109
2025-11-10 21:34:59,107 INFO o.a.j.t.JMeterThread: Stopping because end time detected by thread: Burst 3-173
2025-11-10 21:34:59,184 INFO o.a.j.t.JMeterThread: Thread finished: Burst 3-109
2025-11-10 21:34:59,107 INFO o.a.j.t.JMeterThread: Stopping because end time detected by thread: Burst 3-1
2025-11-10 21:34:59,184 INFO o.a.j.t.JMeterThread: Thread finished: Burst 3-173
2025-11-10 21:34:59,184 INFO o.a.j.t.JMeterThread: Thread finished: Burst 3-1
2025-11-10 21:34:59,184 INFO o.a.j.t.JMeterThread: Thread finished: Burst 3-102
2025-11-10 21:34:59,106 INFO o.a.j.t.JMeterThread: Stopping because end time detected by thread: Burst 3-104
2025-11-10 21:34:59,184 INFO o.a.j.t.JMeterThread: Thread finished: Burst 3-104
2025-11-10 21:34:59,106 INFO o.a.j.t.JMeterThread: Stopping because end time detected by thread: Burst 3-62
2025-11-10 21:34:59,184 INFO o.a.j.t.JMeterThread: Thread finished: Burst 3-62
2025-11-10 21:34:59,106 INFO o.a.j.t.JMeterThread: Stopping because end time detected by thread: Burst 3-96
2025-11-10 21:34:59,185 INFO o.a.j.t.JMeterThread: Thread finished: Burst 3-96
2025-11-10 21:34:59,185 INFO o.a.j.t.JMeterThread: Thread finished: Burst 3-68
2025-11-10 21:34:59,185 INFO o.a.j.t.JMeterThread: Thread finished: Burst 3-88
2025-11-10 21:34:59,184 INFO o.a.j.t.JMeterThread: Thread finished: Burst 3-177
2025-11-10 21:34:59,185 INFO o.a.j.t.JMeterThread: Thread finished: Burst 3-158
2025-11-10 21:34:59,184 INFO o.a.j.t.JMeterThread: Thread finished: Warm-Up 1-33
2025-11-10 21:34:59,186 INFO o.a.j.t.JMeterThread: Stopping because end time detected by thread: Burst 3-305
2025-11-10 21:34:59,186 INFO o.a.j.t.JMeterThread: Thread finished: Burst 3-305
2025-11-10 21:34:59,186 INFO o.a.j.t.JMeterThread: Stopping because end time detected by thread: Burst 3-297
2025-11-10 21:34:59,186 INFO o.a.j.t.JMeterThread: Thread finished: Burst 3-297
2025-11-10 21:34:59,184 INFO o.a.j.t.JMeterThread: Thread finished: Burst 3-208
2025-11-10 21:34:59,183 INFO o.a.j.t.JMeterThread: Thread finished: Burst 3-261
2025-11-10 21:34:59,187 INFO o.a.j.t.JMeterThread: Stopping because end time detected by thread: Burst 3-322
2025-11-10 21:34:59,187 INFO o.a.j.t.JMeterThread: Thread finished: Burst 3-322
2025-11-10 21:34:59,183 INFO o.a.j.t.JMeterThread: Thread finished: Burst 3-217
2025-11-10 21:34:59,185 INFO o.a.j.t.JMeterThread: Thread finished: Burst 3-56
2025-11-10 21:34:59,197 INFO o.a.j.t.JMeterThread: Stopping because end time detected by thread: Burst 3-332
2025-11-10 21:34:59,197 INFO o.a.j.t.JMeterThread: Thread finished: Burst 3-332
2025-11-10 21:34:59,199 INFO o.a.j.t.JMeterThread: Stopping because end time detected by thread: Burst 3-344
2025-11-10 21:34:59,199 INFO o.a.j.t.JMeterThread: Thread finished: Burst 3-344
2025-11-10 21:34:59,200 INFO o.a.j.t.JMeterThread: Stopping because end time detected by thread: Burst 3-346
2025-11-10 21:34:59,200 INFO o.a.j.t.JMeterThread: Thread finished: Burst 3-346
2025-11-10 21:34:59,228 INFO o.a.j.t.JMeterThread: Stopping because end time detected by thread: Burst 3-373
2025-11-10 21:34:59,228 INFO o.a.j.t.JMeterThread: Thread finished: Burst 3-373
2025-11-10 21:34:59,229 INFO o.a.j.t.JMeterThread: Stopping because end time detected by thread: Burst 3-377
2025-11-10 21:34:59,229 INFO o.a.j.t.JMeterThread: Thread finished: Burst 3-377
2025-11-10 21:34:59,230 INFO o.a.j.t.JMeterThread: Stopping because end time detected by thread: Burst 3-395
2025-11-10 21:34:59,230 INFO o.a.j.t.JMeterThread: Thread finished: Burst 3-395
2025-11-10 21:34:59,232 INFO o.a.j.t.JMeterThread: Stopping because end time detected by thread: Burst 3-236
2025-11-10 21:34:59,232 INFO o.a.j.t.JMeterThread: Thread finished: Burst 3-236
2025-11-10 21:34:59,232 INFO o.a.j.t.JMeterThread: Stopping because end time detected by thread: Burst 3-341
2025-11-10 21:34:59,232 INFO o.a.j.t.JMeterThread: Thread finished: Burst 3-341
2025-11-10 21:34:59,232 INFO o.a.j.t.JMeterThread: Stopping because end time detected by thread: Burst 3-355
2025-11-10 21:34:59,232 INFO o.a.j.t.JMeterThread: Thread finished: Burst 3-355
2025-11-10 21:34:59,232 INFO o.a.j.t.JMeterThread: Stopping because end time detected by thread: Burst 3-319
2025-11-10 21:34:59,232 INFO o.a.j.t.JMeterThread: Thread finished: Burst 3-319
2025-11-10 21:34:59,233 INFO o.a.j.t.JMeterThread: Stopping because end time detected by thread: Burst 3-376
2025-11-10 21:34:59,233 INFO o.a.j.t.JMeterThread: Thread finished: Burst 3-376
2025-11-10 21:34:59,233 INFO o.a.j.t.JMeterThread: Stopping because end time detected by thread: Burst 3-410
2025-11-10 21:34:59,233 INFO o.a.j.t.JMeterThread: Thread finished: Burst 3-410
2025-11-10 21:34:59,255 INFO o.a.j.t.JMeterThread: Thread finished: Burst 3-159
2025-11-10 21:34:59,255 INFO o.a.j.t.JMeterThread: Stopping because end time detected by thread: Burst 3-226
2025-11-10 21:34:59,255 INFO o.a.j.t.JMeterThread: Thread finished: Burst 3-226
2025-11-10 21:34:59,255 INFO o.a.j.t.JMeterThread: Stopping because end time detected by thread: Burst 3-47
2025-11-10 21:34:59,255 INFO o.a.j.t.JMeterThread: Thread finished: Burst 3-47
2025-11-10 21:34:59,255 INFO o.a.j.t.JMeterThread: Stopping because end time detected by thread: Burst 3-164
2025-11-10 21:34:59,255 INFO o.a.j.t.JMeterThread: Thread finished: Burst 3-164
2025-11-10 21:34:59,256 INFO o.a.j.t.JMeterThread: Stopping because end time detected by thread: Burst 3-470
2025-11-10 21:34:59,256 INFO o.a.j.t.JMeterThread: Thread finished: Burst 3-470
2025-11-10 21:34:59,256 INFO o.a.j.t.JMeterThread: Stopping because end time detected by thread: Burst 3-456
2025-11-10 21:34:59,256 INFO o.a.j.t.JMeterThread: Thread finished: Burst 3-456
2025-11-10 21:34:59,256 INFO o.a.j.t.JMeterThread: Stopping because end time detected by thread: Burst 3-455
2025-11-10 21:34:59,256 INFO o.a.j.t.JMeterThread: Thread finished: Burst 3-455
2025-11-10 21:34:59,256 INFO o.a.j.t.JMeterThread: Stopping because end time detected by thread: Burst 3-328
2025-11-10 21:34:59,256 INFO o.a.j.t.JMeterThread: Thread finished: Burst 3-328
2025-11-10 21:34:59,256 INFO o.a.j.t.JMeterThread: Stopping because end time detected by thread: Burst 3-364
2025-11-10 21:34:59,256 INFO o.a.j.t.JMeterThread: Thread finished: Burst 3-364
2025-11-10 21:34:59,256 INFO o.a.j.t.JMeterThread: Stopping because end time detected by thread: Burst 3-215
2025-11-10 21:34:59,256 INFO o.a.j.t.JMeterThread: Thread finished: Burst 3-215
2025-11-10 21:34:59,255 INFO o.a.j.t.JMeterThread: Stopping because end time detected by thread: Burst 3-393
2025-11-10 21:34:59,256 INFO o.a.j.t.JMeterThread: Thread finished: Burst 3-393
2025-11-10 21:34:59,256 INFO o.a.j.t.JMeterThread: Stopping because end time detected by thread: Burst 3-442
2025-11-10 21:34:59,256 INFO o.a.j.t.JMeterThread: Thread finished: Burst 3-442
2025-11-10 21:34:59,257 INFO o.a.j.t.JMeterThread: Stopping because end time detected by thread: Burst 3-338
2025-11-10 21:34:59,257 INFO o.a.j.t.JMeterThread: Thread finished: Burst 3-338
2025-11-10 21:34:59,257 INFO o.a.j.t.JMeterThread: Stopping because end time detected by thread: Burst 3-325
2025-11-10 21:34:59,257 INFO o.a.j.t.JMeterThread: Thread finished: Burst 3-325
2025-11-10 21:34:59,257 INFO o.a.j.t.JMeterThread: Stopping because end time detected by thread: Burst 3-232
2025-11-10 21:34:59,257 INFO o.a.j.t.JMeterThread: Thread finished: Burst 3-232
2025-11-10 21:34:59,257 INFO o.a.j.t.JMeterThread: Stopping because end time detected by thread: Burst 3-369
2025-11-10 21:34:59,257 INFO o.a.j.t.JMeterThread: Thread finished: Burst 3-369
2025-11-10 21:34:59,258 INFO o.a.j.t.JMeterThread: Stopping because end time detected by thread: Burst 3-445
2025-11-10 21:34:59,258 INFO o.a.j.t.JMeterThread: Thread finished: Burst 3-445
2025-11-10 21:34:59,259 INFO o.a.j.t.JMeterThread: Stopping because end time detected by thread: Burst 3-380
2025-11-10 21:34:59,259 INFO o.a.j.t.JMeterThread: Thread finished: Burst 3-380
2025-11-10 21:34:59,259 INFO o.a.j.t.JMeterThread: Stopping because end time detected by thread: Burst 3-127
2025-11-10 21:34:59,259 INFO o.a.j.t.JMeterThread: Thread finished: Burst 3-127
2025-11-10 21:34:59,260 INFO o.a.j.t.JMeterThread: Stopping because end time detected by thread: Burst 3-353
2025-11-10 21:34:59,260 INFO o.a.j.t.JMeterThread: Thread finished: Burst 3-353
2025-11-10 21:34:59,261 INFO o.a.j.t.JMeterThread: Stopping because end time detected by thread: Burst 3-420
2025-11-10 21:34:59,261 INFO o.a.j.t.JMeterThread: Thread finished: Burst 3-420
2025-11-10 21:34:59,261 INFO o.a.j.t.JMeterThread: Stopping because end time detected by thread: Burst 3-361
2025-11-10 21:34:59,262 INFO o.a.j.t.JMeterThread: Thread finished: Burst 3-361
2025-11-10 21:34:59,263 INFO o.a.j.t.JMeterThread: Stopping because end time detected by thread: Burst 3-472
2025-11-10 21:34:59,263 INFO o.a.j.t.JMeterThread: Thread finished: Burst 3-472
2025-11-10 21:34:59,263 INFO o.a.j.t.JMeterThread: Stopping because end time detected by thread: Burst 3-388
2025-11-10 21:34:59,263 INFO o.a.j.t.JMeterThread: Thread finished: Burst 3-388
2025-11-10 21:34:59,265 INFO o.a.j.t.JMeterThread: Stopping because end time detected by thread: Burst 3-253
2025-11-10 21:34:59,265 INFO o.a.j.t.JMeterThread: Thread finished: Burst 3-253
2025-11-10 21:34:59,265 INFO o.a.j.t.JMeterThread: Stopping because end time detected by thread: Burst 3-419
2025-11-10 21:34:59,265 INFO o.a.j.t.JMeterThread: Stopping because end time detected by thread: Burst 3-441
2025-11-10 21:34:59,265 INFO o.a.j.t.JMeterThread: Thread finished: Burst 3-441
2025-11-10 21:34:59,265 INFO o.a.j.t.JMeterThread: Thread finished: Burst 3-419
2025-11-10 21:34:59,266 INFO o.a.j.t.JMeterThread: Stopping because end time detected by thread: Burst 3-390
2025-11-10 21:34:59,266 INFO o.a.j.t.JMeterThread: Thread finished: Burst 3-390
2025-11-10 21:34:59,266 INFO o.a.j.t.JMeterThread: Stopping because end time detected by thread: Burst 3-348
2025-11-10 21:34:59,266 INFO o.a.j.t.JMeterThread: Thread finished: Burst 3-348
2025-11-10 21:34:59,267 INFO o.a.j.t.JMeterThread: Stopping because end time detected by thread: Burst 3-481
2025-11-10 21:34:59,267 INFO o.a.j.t.JMeterThread: Thread finished: Burst 3-481
2025-11-10 21:34:59,292 INFO o.a.j.t.JMeterThread: Thread started: Ramp-Up 2-102
2025-11-10 21:34:59,292 INFO o.a.j.t.JMeterThread: Stopping because end time detected by thread: Burst 3-412
2025-11-10 21:34:59,292 INFO o.a.j.t.JMeterThread: Stopping because end time detected by thread: Burst 3-107
2025-11-10 21:34:59,292 INFO o.a.j.t.JMeterThread: Thread finished: Burst 3-412
2025-11-10 21:34:59,292 INFO o.a.j.t.JMeterThread: Thread finished: Burst 3-107
2025-11-10 21:34:59,293 INFO o.a.j.t.JMeterThread: Stopping because end time detected by thread: Burst 3-457
2025-11-10 21:34:59,293 INFO o.a.j.t.JMeterThread: Stopping because end time detected by thread: Burst 3-17
2025-11-10 21:34:59,293 INFO o.a.j.t.JMeterThread: Thread finished: Burst 3-17
2025-11-10 21:34:59,293 INFO o.a.j.t.JMeterThread: Stopping because end time detected by thread: Burst 3-358
2025-11-10 21:34:59,293 INFO o.a.j.t.JMeterThread: Stopping because end time detected by thread: Burst 3-335
2025-11-10 21:34:59,293 INFO o.a.j.t.JMeterThread: Thread finished: Burst 3-457
2025-11-10 21:34:59,293 INFO o.a.j.t.JMeterThread: Thread finished: Burst 3-358
2025-11-10 21:34:59,293 INFO o.a.j.t.JMeterThread: Stopping because end time detected by thread: Burst 3-315
2025-11-10 21:34:59,293 INFO o.a.j.t.JMeterThread: Stopping because end time detected by thread: Burst 3-475
2025-11-10 21:34:59,293 INFO o.a.j.t.JMeterThread: Thread finished: Burst 3-475
2025-11-10 21:34:59,293 INFO o.a.j.t.JMeterThread: Stopping because end time detected by thread: Burst 3-4
2025-11-10 21:34:59,293 INFO o.a.j.t.JMeterThread: Thread finished: Burst 3-4
2025-11-10 21:34:59,293 INFO o.a.j.t.JMeterThread: Stopping because end time detected by thread: Burst 3-474
2025-11-10 21:34:59,293 INFO o.a.j.t.JMeterThread: Thread finished: Burst 3-474
2025-11-10 21:34:59,293 INFO o.a.j.t.JMeterThread: Thread finished: Burst 3-335
2025-11-10 21:34:59,293 INFO o.a.j.t.JMeterThread: Thread finished: Burst 3-315
2025-11-10 21:34:59,293 INFO o.a.j.t.JMeterThread: Stopping because end time detected by thread: Burst 3-299
2025-11-10 21:34:59,293 INFO o.a.j.t.JMeterThread: Thread finished: Burst 3-299
2025-11-10 21:34:59,293 INFO o.a.j.t.JMeterThread: Stopping because end time detected by thread: Burst 3-317
2025-11-10 21:34:59,293 INFO o.a.j.t.JMeterThread: Thread finished: Burst 3-317
2025-11-10 21:34:59,293 INFO o.a.j.t.JMeterThread: Stopping because end time detected by thread: Burst 3-343
2025-11-10 21:34:59,293 INFO o.a.j.t.JMeterThread: Thread finished: Burst 3-343
2025-11-10 21:34:59,293 INFO o.a.j.t.JMeterThread: Stopping because end time detected by thread: Burst 3-81
2025-11-10 21:34:59,294 INFO o.a.j.t.JMeterThread: Thread finished: Burst 3-81
2025-11-10 21:34:59,294 INFO o.a.j.t.JMeterThread: Stopping because end time detected by thread: Burst 3-400
2025-11-10 21:34:59,294 INFO o.a.j.t.JMeterThread: Thread finished: Burst 3-400
2025-11-10 21:34:59,294 INFO o.a.j.t.JMeterThread: Stopping because end time detected by thread: Burst 3-244
2025-11-10 21:34:59,294 INFO o.a.j.t.JMeterThread: Thread finished: Burst 3-244
2025-11-10 21:34:59,295 INFO o.a.j.t.JMeterThread: Stopping because end time detected by thread: Burst 3-426
2025-11-10 21:34:59,295 INFO o.a.j.t.JMeterThread: Thread finished: Burst 3-426
2025-11-10 21:34:59,295 INFO o.a.j.t.JMeterThread: Stopping because end time detected by thread: Burst 3-354
2025-11-10 21:34:59,295 INFO o.a.j.t.JMeterThread: Thread finished: Burst 3-354
2025-11-10 21:34:59,296 INFO o.a.j.t.JMeterThread: Stopping because end time detected by thread: Burst 3-423
2025-11-10 21:34:59,296 INFO o.a.j.t.JMeterThread: Thread finished: Burst 3-423
2025-11-10 21:34:59,298 INFO o.a.j.t.JMeterThread: Stopping because end time detected by thread: Burst 3-466
2025-11-10 21:34:59,298 INFO o.a.j.t.JMeterThread: Thread finished: Burst 3-466
2025-11-10 21:34:59,298 INFO o.a.j.t.JMeterThread: Stopping because end time detected by thread: Burst 3-490
2025-11-10 21:34:59,298 INFO o.a.j.t.JMeterThread: Thread finished: Burst 3-490
2025-11-10 21:34:59,298 INFO o.a.j.t.JMeterThread: Stopping because end time detected by thread: Burst 3-411
2025-11-10 21:34:59,298 INFO o.a.j.t.JMeterThread: Thread finished: Burst 3-411
2025-11-10 21:34:59,299 INFO o.a.j.t.JMeterThread: Stopping because end time detected by thread: Burst 3-333
2025-11-10 21:34:59,299 INFO o.a.j.t.JMeterThread: Thread finished: Burst 3-333
2025-11-10 21:34:59,299 INFO o.a.j.t.JMeterThread: Stopping because end time detected by thread: Burst 3-372
2025-11-10 21:34:59,299 INFO o.a.j.t.JMeterThread: Thread finished: Burst 3-372
2025-11-10 21:34:59,299 INFO o.a.j.t.JMeterThread: Stopping because end time detected by thread: Burst 3-421
2025-11-10 21:34:59,299 INFO o.a.j.t.JMeterThread: Thread finished: Burst 3-421
2025-11-10 21:34:59,300 INFO o.a.j.t.JMeterThread: Stopping because end time detected by thread: Burst 3-141
2025-11-10 21:34:59,300 INFO o.a.j.t.JMeterThread: Thread finished: Burst 3-141
2025-11-10 21:34:59,300 INFO o.a.j.t.JMeterThread: Stopping because end time detected by thread: Burst 3-331
2025-11-10 21:34:59,300 INFO o.a.j.t.JMeterThread: Thread finished: Burst 3-331
2025-11-10 21:34:59,301 INFO o.a.j.t.JMeterThread: Stopping because end time detected by thread: Burst 3-309
2025-11-10 21:34:59,301 INFO o.a.j.t.JMeterThread: Thread finished: Burst 3-309
2025-11-10 21:34:59,303 INFO o.a.j.t.JMeterThread: Stopping because end time detected by thread: Burst 3-347
2025-11-10 21:34:59,303 INFO o.a.j.t.JMeterThread: Stopping because end time detected by thread: Warm-Up 1-18
2025-11-10 21:34:59,303 INFO o.a.j.t.JMeterThread: Thread finished: Burst 3-347
2025-11-10 21:34:59,306 INFO o.a.j.t.JMeterThread: Stopping because end time detected by thread: Burst 3-444
2025-11-10 21:34:59,306 INFO o.a.j.t.JMeterThread: Stopping because end time detected by thread: Burst 3-220
2025-11-10 21:34:59,306 INFO o.a.j.t.JMeterThread: Thread finished: Burst 3-444
2025-11-10 21:34:59,306 INFO o.a.j.t.JMeterThread: Stopping because end time detected by thread: Burst 3-327
2025-11-10 21:34:59,306 INFO o.a.j.t.JMeterThread: Thread finished: Burst 3-327
2025-11-10 21:34:59,307 INFO o.a.j.t.JMeterThread: Stopping because end time detected by thread: Burst 3-366
2025-11-10 21:34:59,307 INFO o.a.j.t.JMeterThread: Stopping because end time detected by thread: Burst 3-311
2025-11-10 21:34:59,307 INFO o.a.j.t.JMeterThread: Thread finished: Burst 3-311
2025-11-10 21:34:59,308 INFO o.a.j.t.JMeterThread: Stopping because end time detected by thread: Burst 3-385
2025-11-10 21:34:59,308 INFO o.a.j.t.JMeterThread: Thread finished: Burst 3-385
2025-11-10 21:34:59,308 INFO o.a.j.t.JMeterThread: Stopping because end time detected by thread: Warm-Up 1-29
2025-11-10 21:34:59,308 INFO o.a.j.t.JMeterThread: Thread finished: Warm-Up 1-29
2025-11-10 21:34:59,308 INFO o.a.j.t.JMeterThread: Stopping because end time detected by thread: Burst 3-389
2025-11-10 21:34:59,308 INFO o.a.j.t.JMeterThread: Thread finished: Burst 3-389
2025-11-10 21:34:59,309 INFO o.a.j.t.JMeterThread: Stopping because end time detected by thread: Burst 3-487
2025-11-10 21:34:59,309 INFO o.a.j.t.JMeterThread: Stopping because end time detected by thread: Burst 3-383
2025-11-10 21:34:59,309 INFO o.a.j.t.JMeterThread: Thread finished: Burst 3-487
2025-11-10 21:34:59,310 INFO o.a.j.t.JMeterThread: Stopping because end time detected by thread: Burst 3-491
2025-11-10 21:34:59,310 INFO o.a.j.t.JMeterThread: Thread finished: Burst 3-491
2025-11-10 21:34:59,311 INFO o.a.j.t.JMeterThread: Stopping because end time detected by thread: Burst 3-349
2025-11-10 21:34:59,311 INFO o.a.j.t.JMeterThread: Thread finished: Burst 3-349
2025-11-10 21:34:59,311 INFO o.a.j.t.JMeterThread: Stopping because end time detected by thread: Burst 3-469
2025-11-10 21:34:59,311 INFO o.a.j.t.JMeterThread: Thread finished: Burst 3-469
2025-11-10 21:34:59,312 INFO o.a.j.t.JMeterThread: Stopping because end time detected by thread: Burst 3-336
2025-11-10 21:34:59,312 INFO o.a.j.t.JMeterThread: Thread finished: Burst 3-336
2025-11-10 21:34:59,312 INFO o.a.j.t.JMeterThread: Stopping because end time detected by thread: Burst 3-113
2025-11-10 21:34:59,312 INFO o.a.j.t.JMeterThread: Thread finished: Burst 3-113
2025-11-10 21:34:59,313 INFO o.a.j.t.JMeterThread: Stopping because end time detected by thread: Burst 3-231
2025-11-10 21:34:59,313 INFO o.a.j.t.JMeterThread: Thread finished: Burst 3-231
2025-11-10 21:34:59,313 INFO o.a.j.t.JMeterThread: Stopping because end time detected by thread: Burst 3-247
2025-11-10 21:34:59,313 INFO o.a.j.t.JMeterThread: Thread finished: Burst 3-247
2025-11-10 21:34:59,314 INFO o.a.j.t.JMeterThread: Stopping because end time detected by thread: Burst 3-387
2025-11-10 21:34:59,314 INFO o.a.j.t.JMeterThread: Thread finished: Burst 3-387
2025-11-10 21:34:59,342 INFO o.a.j.t.JMeterThread: Stopping because end time detected by thread: Burst 3-407
2025-11-10 21:34:59,342 INFO o.a.j.t.JMeterThread: Thread finished: Burst 3-407
2025-11-10 21:34:59,343 INFO o.a.j.t.JMeterThread: Stopping because end time detected by thread: Burst 3-33
2025-11-10 21:34:59,343 INFO o.a.j.t.JMeterThread: Stopping because end time detected by thread: Burst 3-339
2025-11-10 21:34:59,343 INFO o.a.j.t.JMeterThread: Thread finished: Burst 3-33
2025-11-10 21:34:59,343 INFO o.a.j.t.JMeterThread: Thread finished: Burst 3-339
2025-11-10 21:34:59,343 INFO o.a.j.t.JMeterThread: Stopping because end time detected by thread: Burst 3-468
2025-11-10 21:34:59,344 INFO o.a.j.t.JMeterThread: Thread finished: Burst 3-468
2025-11-10 21:34:59,344 INFO o.a.j.t.JMeterThread: Stopping because end time detected by thread: Burst 3-427
2025-11-10 21:34:59,344 INFO o.a.j.t.JMeterThread: Thread finished: Burst 3-427
2025-11-10 21:34:59,344 INFO o.a.j.t.JMeterThread: Stopping because end time detected by thread: Burst 3-397
2025-11-10 21:34:59,344 INFO o.a.j.t.JMeterThread: Thread finished: Burst 3-397
2025-11-10 21:34:59,344 INFO o.a.j.t.JMeterThread: Stopping because end time detected by thread: Burst 3-350
2025-11-10 21:34:59,344 INFO o.a.j.t.JMeterThread: Thread finished: Burst 3-350
2025-11-10 21:34:59,344 INFO o.a.j.t.JMeterThread: Stopping because end time detected by thread: Burst 3-257
2025-11-10 21:34:59,344 INFO o.a.j.t.JMeterThread: Thread finished: Burst 3-257
2025-11-10 21:34:59,344 INFO o.a.j.t.JMeterThread: Stopping because end time detected by thread: Burst 3-467
2025-11-10 21:34:59,344 INFO o.a.j.t.JMeterThread: Stopping because end time detected by thread: Burst 3-485
2025-11-10 21:34:59,344 INFO o.a.j.t.JMeterThread: Thread finished: Burst 3-485
2025-11-10 21:34:59,345 INFO o.a.j.t.JMeterThread: Stopping because end time detected by thread: Burst 3-285
2025-11-10 21:34:59,345 INFO o.a.j.t.JMeterThread: Thread finished: Burst 3-285
2025-11-10 21:34:59,345 INFO o.a.j.t.JMeterThread: Stopping because end time detected by thread: Burst 3-267
2025-11-10 21:34:59,345 INFO o.a.j.t.JMeterThread: Thread finished: Burst 3-267
2025-11-10 21:34:59,345 INFO o.a.j.t.JMeterThread: Stopping because end time detected by thread: Burst 3-379
2025-11-10 21:34:59,345 INFO o.a.j.t.JMeterThread: Thread finished: Burst 3-379
2025-11-10 21:34:59,345 INFO o.a.j.t.JMeterThread: Stopping because end time detected by thread: Burst 3-399
2025-11-10 21:34:59,345 INFO o.a.j.t.JMeterThread: Thread finished: Burst 3-399
2025-11-10 21:34:59,345 INFO o.a.j.t.JMeterThread: Stopping because end time detected by thread: Burst 3-316
2025-11-10 21:34:59,345 INFO o.a.j.t.JMeterThread: Thread finished: Burst 3-316
2025-11-10 21:34:59,345 INFO o.a.j.t.JMeterThread: Stopping because end time detected by thread: Burst 3-437
2025-11-10 21:34:59,345 INFO o.a.j.t.JMeterThread: Thread finished: Burst 3-437
2025-11-10 21:34:59,346 INFO o.a.j.t.JMeterThread: Stopping because end time detected by thread: Burst 3-300
2025-11-10 21:34:59,346 INFO o.a.j.t.JMeterThread: Thread finished: Burst 3-300
2025-11-10 21:34:59,347 INFO o.a.j.t.JMeterThread: Stopping because end time detected by thread: Burst 3-439
2025-11-10 21:34:59,347 INFO o.a.j.t.JMeterThread: Thread finished: Burst 3-439
2025-11-10 21:34:59,347 INFO o.a.j.t.JMeterThread: Stopping because end time detected by thread: Burst 3-242
2025-11-10 21:34:59,347 INFO o.a.j.t.JMeterThread: Thread finished: Burst 3-242
2025-11-10 21:34:59,347 INFO o.a.j.t.JMeterThread: Stopping because end time detected by thread: Burst 3-448
2025-11-10 21:34:59,347 INFO o.a.j.t.JMeterThread: Thread finished: Burst 3-448
2025-11-10 21:34:59,348 INFO o.a.j.t.JMeterThread: Stopping because end time detected by thread: Burst 3-415
2025-11-10 21:34:59,348 INFO o.a.j.t.JMeterThread: Thread finished: Burst 3-415
2025-11-10 21:34:59,348 INFO o.a.j.t.JMeterThread: Stopping because end time detected by thread: Burst 3-418
2025-11-10 21:34:59,348 INFO o.a.j.t.JMeterThread: Thread finished: Burst 3-418
2025-11-10 21:34:59,348 INFO o.a.j.t.JMeterThread: Stopping because end time detected by thread: Burst 3-391
2025-11-10 21:34:59,348 INFO o.a.j.t.JMeterThread: Thread finished: Burst 3-391
2025-11-10 21:34:59,349 INFO o.a.j.t.JMeterThread: Stopping because end time detected by thread: Burst 3-438
2025-11-10 21:34:59,349 INFO o.a.j.t.JMeterThread: Thread finished: Burst 3-438
2025-11-10 21:34:59,350 INFO o.a.j.t.JMeterThread: Stopping because end time detected by thread: Burst 3-453
2025-11-10 21:34:59,350 INFO o.a.j.t.JMeterThread: Thread finished: Burst 3-453
2025-11-10 21:34:59,294 INFO o.a.j.t.JMeterThread: Stopping because end time detected by thread: Burst 3-425
2025-11-10 21:34:59,357 INFO o.a.j.t.JMeterThread: Thread finished: Burst 3-425
2025-11-10 21:34:59,357 INFO o.a.j.t.JMeterThread: Stopping because end time detected by thread: Burst 3-478
2025-11-10 21:34:59,357 INFO o.a.j.t.JMeterThread: Thread finished: Burst 3-478
2025-11-10 21:34:59,358 INFO o.a.j.t.JMeterThread: Stopping because end time detected by thread: Burst 3-440
2025-11-10 21:34:59,358 INFO o.a.j.t.JMeterThread: Thread finished: Burst 3-440
2025-11-10 21:34:59,358 INFO o.a.j.t.JMeterThread: Stopping because end time detected by thread: Burst 3-302
2025-11-10 21:34:59,358 INFO o.a.j.t.JMeterThread: Thread finished: Burst 3-302
2025-11-10 21:34:59,358 INFO o.a.j.t.JMeterThread: Stopping because end time detected by thread: Burst 3-405
2025-11-10 21:34:59,360 INFO o.a.j.t.JMeterThread: Stopping because end time detected by thread: Burst 3-483
2025-11-10 21:34:59,361 INFO o.a.j.t.JMeterThread: Stopping because end time detected by thread: Burst 3-496
2025-11-10 21:34:59,361 INFO o.a.j.t.JMeterThread: Thread finished: Burst 3-496
2025-11-10 21:34:59,361 INFO o.a.j.t.JMeterThread: Stopping because end time detected by thread: Burst 3-351
2025-11-10 21:34:59,361 INFO o.a.j.t.JMeterThread: Thread finished: Burst 3-351
2025-11-10 21:34:59,362 INFO o.a.j.t.JMeterThread: Stopping because end time detected by thread: Burst 3-497
2025-11-10 21:34:59,362 INFO o.a.j.t.JMeterThread: Thread finished: Burst 3-497
2025-11-10 21:34:59,364 INFO o.a.j.t.JMeterThread: Stopping because end time detected by thread: Burst 3-500
2025-11-10 21:34:59,364 INFO o.a.j.t.JMeterThread: Thread finished: Burst 3-500
2025-11-10 21:34:59,364 INFO o.a.j.t.JMeterThread: Stopping because end time detected by thread: Burst 3-323
2025-11-10 21:34:59,364 INFO o.a.j.t.JMeterThread: Thread finished: Burst 3-323
2025-11-10 21:34:59,365 INFO o.a.j.t.JMeterThread: Stopping because end time detected by thread: Burst 3-493
2025-11-10 21:34:59,365 INFO o.a.j.t.JMeterThread: Thread finished: Burst 3-493
2025-11-10 21:34:59,365 INFO o.a.j.t.JMeterThread: Stopping because end time detected by thread: Burst 3-263
2025-11-10 21:34:59,365 INFO o.a.j.t.JMeterThread: Thread finished: Burst 3-263
2025-11-10 21:34:59,366 INFO o.a.j.t.JMeterThread: Stopping because end time detected by thread: Burst 3-498
2025-11-10 21:34:59,366 INFO o.a.j.t.JMeterThread: Thread finished: Burst 3-498
2025-11-10 21:34:59,366 INFO o.a.j.t.JMeterThread: Stopping because end time detected by thread: Burst 3-432
2025-11-10 21:34:59,366 INFO o.a.j.t.JMeterThread: Thread finished: Burst 3-432
2025-11-10 21:34:59,366 INFO o.a.j.t.JMeterThread: Stopping because end time detected by thread: Burst 3-392
2025-11-10 21:34:59,366 INFO o.a.j.t.JMeterThread: Thread finished: Burst 3-392
2025-11-10 21:34:59,367 INFO o.a.j.t.JMeterThread: Stopping because end time detected by thread: Burst 3-446
2025-11-10 21:34:59,367 INFO o.a.j.t.JMeterThread: Thread finished: Burst 3-446
2025-11-10 21:34:59,367 INFO o.a.j.t.JMeterThread: Stopping because end time detected by thread: Burst 3-304
2025-11-10 21:34:59,367 INFO o.a.j.t.JMeterThread: Thread finished: Burst 3-304
2025-11-10 21:34:59,367 INFO o.a.j.t.JMeterThread: Stopping because end time detected by thread: Burst 3-295
2025-11-10 21:34:59,368 INFO o.a.j.t.JMeterThread: Thread finished: Burst 3-295
2025-11-10 21:34:59,369 INFO o.a.j.t.JMeterThread: Stopping because end time detected by thread: Burst 3-269
2025-11-10 21:34:59,369 INFO o.a.j.t.JMeterThread: Thread finished: Burst 3-269
2025-11-10 21:34:59,369 INFO o.a.j.t.JMeterThread: Stopping because end time detected by thread: Burst 3-330
2025-11-10 21:34:59,369 INFO o.a.j.t.JMeterThread: Thread finished: Burst 3-330
2025-11-10 21:34:59,293 INFO o.a.j.t.JMeterThread: Stopping because end time detected by thread: Burst 3-430
2025-11-10 21:34:59,367 INFO o.a.j.t.JMeterThread: Stopping because end time detected by thread: Burst 3-359
2025-11-10 21:34:59,344 INFO o.a.j.t.JMeterThread: Thread finished: Burst 3-467
2025-11-10 21:34:59,371 INFO o.a.j.t.JMeterThread: Thread finished: Burst 3-359
2025-11-10 21:34:59,342 INFO o.a.j.t.JMeterThread: Stopping because end time detected by thread: Burst 3-367
2025-11-10 21:34:59,314 INFO o.a.j.t.JMeterThread: Stopping because end time detected by thread: Burst 3-370
2025-11-10 21:34:59,371 INFO o.a.j.t.JMeterThread: Thread finished: Burst 3-367
2025-11-10 21:34:59,371 INFO o.a.j.t.JMeterThread: Thread finished: Burst 3-370
2025-11-10 21:34:59,313 INFO o.a.j.t.JMeterThread: Stopping because end time detected by thread: Burst 3-473
2025-11-10 21:34:59,310 INFO o.a.j.t.JMeterThread: Stopping because end time detected by thread: Burst 3-46
2025-11-10 21:34:59,309 INFO o.a.j.t.JMeterThread: Thread finished: Burst 3-383
2025-11-10 21:34:59,309 INFO o.a.j.t.JMeterThread: Stopping because end time detected by thread: Burst 3-134
2025-11-10 21:34:59,309 INFO o.a.j.t.JMeterThread: Stopping because end time detected by thread: Burst 3-488
2025-11-10 21:34:59,371 INFO o.a.j.t.JMeterThread: Thread finished: Burst 3-134
2025-11-10 21:34:59,307 INFO o.a.j.t.JMeterThread: Thread finished: Burst 3-366
2025-11-10 21:34:59,306 INFO o.a.j.t.JMeterThread: Thread finished: Burst 3-220
2025-11-10 21:34:59,306 INFO o.a.j.t.JMeterThread: Stopping because end time detected by thread: Burst 3-53
2025-11-10 21:34:59,303 INFO o.a.j.t.JMeterThread: Thread finished: Warm-Up 1-18
2025-11-10 21:34:59,371 INFO o.a.j.t.JMeterThread: Thread finished: Burst 3-488
2025-11-10 21:34:59,371 INFO o.a.j.t.JMeterThread: Thread finished: Burst 3-46
2025-11-10 21:34:59,371 INFO o.a.j.t.JMeterThread: Thread finished: Burst 3-473
2025-11-10 21:34:59,371 INFO o.a.j.t.JMeterThread: Stopping because end time detected by thread: Burst 3-54
2025-11-10 21:34:59,371 INFO o.a.j.t.JMeterThread: Thread finished: Burst 3-54
2025-11-10 21:34:59,372 INFO o.a.j.t.JMeterThread: Stopping because end time detected by thread: Burst 3-459
2025-11-10 21:34:59,372 INFO o.a.j.t.JMeterThread: Thread finished: Burst 3-459
2025-11-10 21:34:59,372 INFO o.a.j.t.JMeterThread: Stopping because end time detected by thread: Burst 3-252
2025-11-10 21:34:59,372 INFO o.a.j.t.JMeterThread: Thread finished: Burst 3-252
2025-11-10 21:34:59,372 INFO o.a.j.t.JMeterThread: Stopping because end time detected by thread: Burst 3-312
2025-11-10 21:34:59,372 INFO o.a.j.t.JMeterThread: Thread finished: Burst 3-312
2025-11-10 21:34:59,372 INFO o.a.j.t.JMeterThread: Stopping because end time detected by thread: Burst 3-436
2025-11-10 21:34:59,372 INFO o.a.j.t.JMeterThread: Thread finished: Burst 3-436
2025-11-10 21:34:59,373 INFO o.a.j.t.JMeterThread: Stopping because end time detected by thread: Burst 3-294
2025-11-10 21:34:59,373 INFO o.a.j.t.JMeterThread: Thread finished: Burst 3-294
2025-11-10 21:34:59,373 INFO o.a.j.t.JMeterThread: Stopping because end time detected by thread: Burst 3-20
2025-11-10 21:34:59,373 INFO o.a.j.t.JMeterThread: Thread finished: Burst 3-20
2025-11-10 21:34:59,373 INFO o.a.j.t.JMeterThread: Stopping because end time detected by thread: Burst 3-424
2025-11-10 21:34:59,373 INFO o.a.j.t.JMeterThread: Thread finished: Burst 3-424
2025-11-10 21:34:59,373 INFO o.a.j.t.JMeterThread: Stopping because end time detected by thread: Burst 3-207
2025-11-10 21:34:59,373 INFO o.a.j.t.JMeterThread: Thread finished: Burst 3-207
2025-11-10 21:34:59,374 INFO o.a.j.t.JMeterThread: Stopping because end time detected by thread: Warm-Up 1-17
2025-11-10 21:34:59,374 INFO o.a.j.t.JMeterThread: Thread finished: Warm-Up 1-17
2025-11-10 21:34:59,374 INFO o.a.j.t.JMeterThread: Stopping because end time detected by thread: Burst 3-277
2025-11-10 21:34:59,374 INFO o.a.j.t.JMeterThread: Thread finished: Burst 3-277
2025-11-10 21:34:59,374 INFO o.a.j.t.JMeterThread: Stopping because end time detected by thread: Burst 3-368
2025-11-10 21:34:59,374 INFO o.a.j.t.JMeterThread: Thread finished: Burst 3-368
2025-11-10 21:34:59,375 INFO o.a.j.t.JMeterThread: Stopping because end time detected by thread: Burst 3-371
2025-11-10 21:34:59,375 INFO o.a.j.t.JMeterThread: Thread finished: Burst 3-371
2025-11-10 21:34:59,375 INFO o.a.j.t.JMeterThread: Stopping because end time detected by thread: Burst 3-279
2025-11-10 21:34:59,375 INFO o.a.j.t.JMeterThread: Thread finished: Burst 3-279
2025-11-10 21:34:59,375 INFO o.a.j.t.JMeterThread: Stopping because end time detected by thread: Burst 3-204
2025-11-10 21:34:59,375 INFO o.a.j.t.JMeterThread: Thread finished: Burst 3-204
2025-11-10 21:34:59,375 INFO o.a.j.t.JMeterThread: Stopping because end time detected by thread: Burst 3-50
2025-11-10 21:34:59,375 INFO o.a.j.t.JMeterThread: Thread finished: Burst 3-50
2025-11-10 21:34:59,375 INFO o.a.j.t.JMeterThread: Stopping because end time detected by thread: Burst 3-489
2025-11-10 21:34:59,375 INFO o.a.j.t.JMeterThread: Thread finished: Burst 3-489
2025-11-10 21:34:59,376 INFO o.a.j.t.JMeterThread: Stopping because end time detected by thread: Burst 3-191
2025-11-10 21:34:59,376 INFO o.a.j.t.JMeterThread: Thread finished: Burst 3-191
2025-11-10 21:34:59,376 INFO o.a.j.t.JMeterThread: Stopping because end time detected by thread: Burst 3-447
2025-11-10 21:34:59,376 INFO o.a.j.t.JMeterThread: Thread finished: Burst 3-447
2025-11-10 21:34:59,376 INFO o.a.j.t.JMeterThread: Stopping because end time detected by thread: Burst 3-167
2025-11-10 21:34:59,376 INFO o.a.j.t.JMeterThread: Thread finished: Burst 3-167
2025-11-10 21:34:59,376 INFO o.a.j.t.JMeterThread: Stopping because end time detected by thread: Burst 3-67
2025-11-10 21:34:59,376 INFO o.a.j.t.JMeterThread: Thread finished: Burst 3-67
2025-11-10 21:34:59,377 INFO o.a.j.t.JMeterThread: Stopping because end time detected by thread: Burst 3-251
2025-11-10 21:34:59,377 INFO o.a.j.t.JMeterThread: Thread finished: Burst 3-251
2025-11-10 21:34:59,377 INFO o.a.j.t.JMeterThread: Stopping because end time detected by thread: Burst 3-403
2025-11-10 21:34:59,377 INFO o.a.j.t.JMeterThread: Thread finished: Burst 3-403
2025-11-10 21:34:59,377 INFO o.a.j.t.JMeterThread: Stopping because end time detected by thread: Burst 3-433
2025-11-10 21:34:59,377 INFO o.a.j.t.JMeterThread: Thread finished: Burst 3-433
2025-11-10 21:34:59,377 INFO o.a.j.t.JMeterThread: Stopping because end time detected by thread: Burst 3-365
2025-11-10 21:34:59,377 INFO o.a.j.t.JMeterThread: Thread finished: Burst 3-365
2025-11-10 21:34:59,377 INFO o.a.j.t.JMeterThread: Stopping because end time detected by thread: Burst 3-39
2025-11-10 21:34:59,377 INFO o.a.j.t.JMeterThread: Thread finished: Burst 3-39
2025-11-10 21:34:59,378 INFO o.a.j.t.JMeterThread: Stopping because end time detected by thread: Burst 3-36
2025-11-10 21:34:59,378 INFO o.a.j.t.JMeterThread: Thread finished: Burst 3-36
2025-11-10 21:34:59,378 INFO o.a.j.t.JMeterThread: Stopping because end time detected by thread: Burst 3-464
2025-11-10 21:34:59,378 INFO o.a.j.t.JMeterThread: Thread finished: Burst 3-464
2025-11-10 21:34:59,378 INFO o.a.j.t.JMeterThread: Stopping because end time detected by thread: Burst 3-59
2025-11-10 21:34:59,378 INFO o.a.j.t.JMeterThread: Thread finished: Burst 3-59
2025-11-10 21:34:59,378 INFO o.a.j.t.JMeterThread: Stopping because end time detected by thread: Burst 3-386
2025-11-10 21:34:59,378 INFO o.a.j.t.JMeterThread: Thread finished: Burst 3-386
2025-11-10 21:34:59,378 INFO o.a.j.t.JMeterThread: Stopping because end time detected by thread: Burst 3-60
2025-11-10 21:34:59,378 INFO o.a.j.t.JMeterThread: Thread finished: Burst 3-60
2025-11-10 21:34:59,379 INFO o.a.j.t.JMeterThread: Stopping because end time detected by thread: Burst 3-409
2025-11-10 21:34:59,379 INFO o.a.j.t.JMeterThread: Thread finished: Burst 3-409
2025-11-10 21:34:59,379 INFO o.a.j.t.JMeterThread: Stopping because end time detected by thread: Burst 3-362
2025-11-10 21:34:59,379 INFO o.a.j.t.JMeterThread: Thread finished: Burst 3-362
2025-11-10 21:34:59,379 INFO o.a.j.t.JMeterThread: Stopping because end time detected by thread: Burst 3-229
2025-11-10 21:34:59,379 INFO o.a.j.t.JMeterThread: Thread finished: Burst 3-229
2025-11-10 21:34:59,379 INFO o.a.j.t.JMeterThread: Stopping because end time detected by thread: Burst 3-71
2025-11-10 21:34:59,379 INFO o.a.j.t.JMeterThread: Thread finished: Burst 3-71
2025-11-10 21:34:59,379 INFO o.a.j.t.JMeterThread: Stopping because end time detected by thread: Burst 3-72
2025-11-10 21:34:59,379 INFO o.a.j.t.JMeterThread: Thread finished: Burst 3-72
2025-11-10 21:34:59,380 INFO o.a.j.t.JMeterThread: Stopping because end time detected by thread: Burst 3-458
2025-11-10 21:34:59,380 INFO o.a.j.t.JMeterThread: Thread finished: Burst 3-458
2025-11-10 21:34:59,380 INFO o.a.j.t.JMeterThread: Stopping because end time detected by thread: Burst 3-334
2025-11-10 21:34:59,380 INFO o.a.j.t.JMeterThread: Thread finished: Burst 3-334
2025-11-10 21:34:59,380 INFO o.a.j.t.JMeterThread: Stopping because end time detected by thread: Burst 3-451
2025-11-10 21:34:59,380 INFO o.a.j.t.JMeterThread: Thread finished: Burst 3-451
2025-11-10 21:34:59,381 INFO o.a.j.t.JMeterThread: Stopping because end time detected by thread: Burst 3-431
2025-11-10 21:34:59,381 INFO o.a.j.t.JMeterThread: Thread finished: Burst 3-431
2025-11-10 21:34:59,381 INFO o.a.j.t.JMeterThread: Stopping because end time detected by thread: Burst 3-313
2025-11-10 21:34:59,381 INFO o.a.j.t.JMeterThread: Thread finished: Burst 3-313
2025-11-10 21:34:59,382 INFO o.a.j.t.JMeterThread: Stopping because end time detected by thread: Burst 3-224
2025-11-10 21:34:59,382 INFO o.a.j.t.JMeterThread: Thread finished: Burst 3-224
2025-11-10 21:34:59,383 INFO o.a.j.t.JMeterThread: Stopping because end time detected by thread: Burst 3-450
2025-11-10 21:34:59,383 INFO o.a.j.t.JMeterThread: Thread finished: Burst 3-450
2025-11-10 21:34:59,383 INFO o.a.j.t.JMeterThread: Stopping because end time detected by thread: Burst 3-307
2025-11-10 21:34:59,384 INFO o.a.j.t.JMeterThread: Thread finished: Burst 3-307
2025-11-10 21:34:59,384 INFO o.a.j.t.JMeterThread: Stopping because end time detected by thread: Burst 3-265
2025-11-10 21:34:59,384 INFO o.a.j.t.JMeterThread: Thread finished: Burst 3-265
2025-11-10 21:34:59,384 INFO o.a.j.t.JMeterThread: Stopping because end time detected by thread: Burst 3-492
2025-11-10 21:34:59,384 INFO o.a.j.t.JMeterThread: Thread finished: Burst 3-492
2025-11-10 21:34:59,385 INFO o.a.j.t.JMeterThread: Stopping because end time detected by thread: Burst 3-402
2025-11-10 21:34:59,385 INFO o.a.j.t.JMeterThread: Thread finished: Burst 3-402
2025-11-10 21:34:59,386 INFO o.a.j.t.JMeterThread: Stopping because end time detected by thread: Burst 3-452
2025-11-10 21:34:59,386 INFO o.a.j.t.JMeterThread: Thread finished: Burst 3-452
2025-11-10 21:34:59,387 INFO o.a.j.t.JMeterThread: Stopping because end time detected by thread: Burst 3-245
2025-11-10 21:34:59,387 INFO o.a.j.t.JMeterThread: Thread finished: Burst 3-245
2025-11-10 21:34:59,387 INFO o.a.j.t.JMeterThread: Stopping because end time detected by thread: Burst 3-255
2025-11-10 21:34:59,387 INFO o.a.j.t.JMeterThread: Thread finished: Burst 3-255
2025-11-10 21:34:59,388 INFO o.a.j.t.JMeterThread: Stopping because end time detected by thread: Burst 3-301
2025-11-10 21:34:59,388 INFO o.a.j.t.JMeterThread: Thread finished: Burst 3-301
2025-11-10 21:34:59,389 INFO o.a.j.t.JMeterThread: Stopping because end time detected by thread: Burst 3-306
2025-11-10 21:34:59,389 INFO o.a.j.t.JMeterThread: Thread finished: Burst 3-306
2025-11-10 21:34:59,390 INFO o.a.j.t.JMeterThread: Stopping because end time detected by thread: Burst 3-178
2025-11-10 21:34:59,390 INFO o.a.j.t.JMeterThread: Thread finished: Burst 3-178
2025-11-10 21:34:59,390 INFO o.a.j.t.JMeterThread: Stopping because end time detected by thread: Burst 3-417
2025-11-10 21:34:59,390 INFO o.a.j.t.JMeterThread: Thread finished: Burst 3-417
2025-11-10 21:34:59,391 INFO o.a.j.t.JMeterThread: Stopping because end time detected by thread: Burst 3-356
2025-11-10 21:34:59,391 INFO o.a.j.t.JMeterThread: Thread finished: Burst 3-356
2025-11-10 21:34:59,392 INFO o.a.j.t.JMeterThread: Stopping because end time detected by thread: Burst 3-406
2025-11-10 21:34:59,392 INFO o.a.j.t.JMeterThread: Thread finished: Burst 3-406
2025-11-10 21:34:59,392 INFO o.a.j.t.JMeterThread: Stopping because end time detected by thread: Burst 3-197
2025-11-10 21:34:59,392 INFO o.a.j.t.JMeterThread: Thread finished: Burst 3-197
2025-11-10 21:34:59,393 INFO o.a.j.t.JMeterThread: Stopping because end time detected by thread: Burst 3-264
2025-11-10 21:34:59,393 INFO o.a.j.t.JMeterThread: Thread finished: Burst 3-264
2025-11-10 21:34:59,394 INFO o.a.j.t.JMeterThread: Stopping because end time detected by thread: Burst 3-476
2025-11-10 21:34:59,394 INFO o.a.j.t.JMeterThread: Thread finished: Burst 3-476
2025-11-10 21:34:59,394 INFO o.a.j.t.JMeterThread: Stopping because end time detected by thread: Burst 3-223
2025-11-10 21:34:59,394 INFO o.a.j.t.JMeterThread: Thread finished: Burst 3-223
2025-11-10 21:34:59,395 INFO o.a.j.t.JMeterThread: Stopping because end time detected by thread: Burst 3-337
2025-11-10 21:34:59,395 INFO o.a.j.t.JMeterThread: Thread finished: Burst 3-337
2025-11-10 21:34:59,396 INFO o.a.j.t.JMeterThread: Stopping because end time detected by thread: Burst 3-131
2025-11-10 21:34:59,396 INFO o.a.j.t.JMeterThread: Thread finished: Burst 3-131
2025-11-10 21:34:59,396 INFO o.a.j.t.JMeterThread: Stopping because end time detected by thread: Burst 3-398
2025-11-10 21:34:59,396 INFO o.a.j.t.JMeterThread: Thread finished: Burst 3-398
2025-11-10 21:34:59,397 INFO o.a.j.t.JMeterThread: Stopping because end time detected by thread: Burst 3-133
2025-11-10 21:34:59,397 INFO o.a.j.t.JMeterThread: Thread finished: Burst 3-133
2025-11-10 21:34:59,397 INFO o.a.j.t.JMeterThread: Stopping because end time detected by thread: Burst 3-454
2025-11-10 21:34:59,397 INFO o.a.j.t.JMeterThread: Thread finished: Burst 3-454
2025-11-10 21:34:59,398 INFO o.a.j.t.JMeterThread: Stopping because end time detected by thread: Burst 3-345
2025-11-10 21:34:59,398 INFO o.a.j.t.JMeterThread: Stopping because end time detected by thread: Burst 3-374
2025-11-10 21:34:59,398 INFO o.a.j.t.JMeterThread: Thread finished: Burst 3-374
2025-11-10 21:34:59,398 INFO o.a.j.t.JMeterThread: Stopping because end time detected by thread: Burst 3-103
2025-11-10 21:34:59,398 INFO o.a.j.t.JMeterThread: Thread finished: Burst 3-103
2025-11-10 21:34:59,399 INFO o.a.j.t.JMeterThread: Stopping because end time detected by thread: Burst 3-434
2025-11-10 21:34:59,399 INFO o.a.j.t.JMeterThread: Thread finished: Burst 3-434
2025-11-10 21:34:59,400 INFO o.a.j.t.JMeterThread: Stopping because end time detected by thread: Burst 3-375
2025-11-10 21:34:59,400 INFO o.a.j.t.JMeterThread: Thread finished: Burst 3-375
2025-11-10 21:34:59,401 INFO o.a.j.t.JMeterThread: Stopping because end time detected by thread: Burst 3-237
2025-11-10 21:34:59,401 INFO o.a.j.t.JMeterThread: Thread finished: Burst 3-237
2025-11-10 21:34:59,402 INFO o.a.j.t.JMeterThread: Stopping because end time detected by thread: Burst 3-288
2025-11-10 21:34:59,402 INFO o.a.j.t.JMeterThread: Thread finished: Burst 3-288
2025-11-10 21:34:59,403 INFO o.a.j.t.JMeterThread: Stopping because end time detected by thread: Burst 3-64
2025-11-10 21:34:59,403 INFO o.a.j.t.JMeterThread: Thread finished: Burst 3-64
2025-11-10 21:34:59,403 INFO o.a.j.t.JMeterThread: Stopping because end time detected by thread: Burst 3-360
2025-11-10 21:34:59,403 INFO o.a.j.t.JMeterThread: Thread finished: Burst 3-360
2025-11-10 21:34:59,404 INFO o.a.j.t.JMeterThread: Stopping because end time detected by thread: Burst 3-482
2025-11-10 21:34:59,404 INFO o.a.j.t.JMeterThread: Thread finished: Burst 3-482
2025-11-10 21:34:59,407 INFO o.a.j.t.JMeterThread: Stopping because end time detected by thread: Burst 3-112
2025-11-10 21:34:59,407 INFO o.a.j.t.JMeterThread: Thread finished: Burst 3-112
2025-11-10 21:34:59,408 INFO o.a.j.t.JMeterThread: Stopping because end time detected by thread: Burst 3-486
2025-11-10 21:34:59,408 INFO o.a.j.t.JMeterThread: Thread finished: Burst 3-486
2025-11-10 21:34:59,408 INFO o.a.j.t.JMeterThread: Stopping because end time detected by thread: Burst 3-449
2025-11-10 21:34:59,408 INFO o.a.j.t.JMeterThread: Thread finished: Burst 3-449
2025-11-10 21:34:59,410 INFO o.a.j.t.JMeterThread: Stopping because end time detected by thread: Burst 3-461
2025-11-10 21:34:59,410 INFO o.a.j.t.JMeterThread: Thread finished: Burst 3-461
2025-11-10 21:34:59,410 INFO o.a.j.t.JMeterThread: Stopping because end time detected by thread: Burst 3-5
2025-11-10 21:34:59,410 INFO o.a.j.t.JMeterThread: Thread finished: Burst 3-5
2025-11-10 21:34:59,411 INFO o.a.j.t.JMeterThread: Stopping because end time detected by thread: Burst 3-416
2025-11-10 21:34:59,411 INFO o.a.j.t.JMeterThread: Thread finished: Burst 3-416
2025-11-10 21:34:59,411 INFO o.a.j.t.JMeterThread: Stopping because end time detected by thread: Burst 3-291
2025-11-10 21:34:59,411 INFO o.a.j.t.JMeterThread: Thread finished: Burst 3-291
2025-11-10 21:34:59,412 INFO o.a.j.t.JMeterThread: Stopping because end time detected by thread: Burst 3-61
2025-11-10 21:34:59,412 INFO o.a.j.t.JMeterThread: Thread finished: Burst 3-61
2025-11-10 21:34:59,413 INFO o.a.j.t.JMeterThread: Stopping because end time detected by thread: Burst 3-320
2025-11-10 21:34:59,413 INFO o.a.j.t.JMeterThread: Thread finished: Burst 3-320
2025-11-10 21:34:59,413 INFO o.a.j.t.JMeterThread: Stopping because end time detected by thread: Burst 3-155
2025-11-10 21:34:59,413 INFO o.a.j.t.JMeterThread: Thread finished: Burst 3-155
2025-11-10 21:34:59,414 INFO o.a.j.t.JMeterThread: Stopping because end time detected by thread: Burst 3-168
2025-11-10 21:34:59,414 INFO o.a.j.t.JMeterThread: Thread finished: Burst 3-168
2025-11-10 21:34:59,418 INFO o.a.j.t.JMeterThread: Stopping because end time detected by thread: Burst 3-139
2025-11-10 21:34:59,418 INFO o.a.j.t.JMeterThread: Thread finished: Burst 3-139
2025-11-10 21:34:59,419 INFO o.a.j.t.JMeterThread: Stopping because end time detected by thread: Burst 3-108
2025-11-10 21:34:59,419 INFO o.a.j.t.JMeterThread: Thread finished: Burst 3-108
2025-11-10 21:34:59,420 INFO o.a.j.t.JMeterThread: Stopping because end time detected by thread: Burst 3-154
2025-11-10 21:34:59,420 INFO o.a.j.t.JMeterThread: Thread finished: Burst 3-154
2025-11-10 21:34:59,420 INFO o.a.j.t.JMeterThread: Stopping because end time detected by thread: Burst 3-135
2025-11-10 21:34:59,420 INFO o.a.j.t.JMeterThread: Thread finished: Burst 3-135
2025-11-10 21:34:59,421 INFO o.a.j.t.JMeterThread: Stopping because end time detected by thread: Burst 3-92
2025-11-10 21:34:59,421 INFO o.a.j.t.JMeterThread: Thread finished: Burst 3-92
2025-11-10 21:34:59,422 INFO o.a.j.t.JMeterThread: Stopping because end time detected by thread: Burst 3-404
2025-11-10 21:34:59,422 INFO o.a.j.t.JMeterThread: Thread finished: Burst 3-404
2025-11-10 21:34:59,422 INFO o.a.j.t.JMeterThread: Stopping because end time detected by thread: Burst 3-435
2025-11-10 21:34:59,422 INFO o.a.j.t.JMeterThread: Thread finished: Burst 3-435
2025-11-10 21:34:59,423 INFO o.a.j.t.JMeterThread: Stopping because end time detected by thread: Burst 3-443
2025-11-10 21:34:59,423 INFO o.a.j.t.JMeterThread: Thread finished: Burst 3-443
2025-11-10 21:34:59,426 INFO o.a.j.t.JMeterThread: Stopping because end time detected by thread: Burst 3-246
2025-11-10 21:34:59,426 INFO o.a.j.t.JMeterThread: Thread finished: Burst 3-246
2025-11-10 21:34:59,426 INFO o.a.j.t.JMeterThread: Stopping because end time detected by thread: Burst 3-352
2025-11-10 21:34:59,427 INFO o.a.j.t.JMeterThread: Thread finished: Burst 3-352
2025-11-10 21:34:59,428 INFO o.a.j.t.JMeterThread: Stopping because end time detected by thread: Burst 3-408
2025-11-10 21:34:59,428 INFO o.a.j.t.JMeterThread: Thread finished: Burst 3-408
2025-11-10 21:34:59,429 INFO o.a.j.t.JMeterThread: Stopping because end time detected by thread: Burst 3-394
2025-11-10 21:34:59,429 INFO o.a.j.t.JMeterThread: Thread finished: Burst 3-394
2025-11-10 21:34:59,430 INFO o.a.j.t.JMeterThread: Stopping because end time detected by thread: Burst 3-308
2025-11-10 21:34:59,430 INFO o.a.j.t.JMeterThread: Thread finished: Burst 3-308
2025-11-10 21:34:59,431 INFO o.a.j.t.JMeterThread: Stopping because end time detected by thread: Burst 3-91
2025-11-10 21:34:59,431 INFO o.a.j.t.JMeterThread: Thread finished: Burst 3-91
2025-11-10 21:34:59,432 INFO o.a.j.t.JMeterThread: Stopping because end time detected by thread: Burst 3-100
2025-11-10 21:34:59,432 INFO o.a.j.t.JMeterThread: Thread finished: Burst 3-100
2025-11-10 21:34:59,435 INFO o.a.j.t.JMeterThread: Stopping because end time detected by thread: Burst 3-119
2025-11-10 21:34:59,435 INFO o.a.j.t.JMeterThread: Thread finished: Burst 3-119
2025-11-10 21:34:59,436 INFO o.a.j.t.JMeterThread: Stopping because end time detected by thread: Burst 3-357
2025-11-10 21:34:59,437 INFO o.a.j.t.JMeterThread: Stopping because end time detected by thread: Burst 3-329
2025-11-10 21:34:59,437 INFO o.a.j.t.JMeterThread: Thread finished: Burst 3-329
2025-11-10 21:34:59,439 INFO o.a.j.t.JMeterThread: Stopping because end time detected by thread: Burst 3-200
2025-11-10 21:34:59,439 INFO o.a.j.t.JMeterThread: Thread finished: Burst 3-200
2025-11-10 21:34:59,439 INFO o.a.j.t.JMeterThread: Stopping because end time detected by thread: Burst 3-460
2025-11-10 21:34:59,439 INFO o.a.j.t.JMeterThread: Thread finished: Burst 3-460
2025-11-10 21:34:59,440 INFO o.a.j.t.JMeterThread: Stopping because end time detected by thread: Burst 3-342
2025-11-10 21:34:59,440 INFO o.a.j.t.JMeterThread: Thread finished: Burst 3-342
2025-11-10 21:34:59,441 INFO o.a.j.t.JMeterThread: Stopping because end time detected by thread: Burst 3-293
2025-11-10 21:34:59,441 INFO o.a.j.t.JMeterThread: Thread finished: Burst 3-293
2025-11-10 21:34:59,467 INFO o.a.j.t.JMeterThread: Stopping because end time detected by thread: Burst 3-422
2025-11-10 21:34:59,467 INFO o.a.j.t.JMeterThread: Thread finished: Burst 3-422
2025-11-10 21:34:59,371 INFO o.a.j.t.JMeterThread: Thread finished: Burst 3-430
2025-11-10 21:34:59,398 INFO o.a.j.t.JMeterThread: Thread finished: Burst 3-345
2025-11-10 21:34:59,482 INFO o.a.j.t.JMeterThread: Stopping because end time detected by thread: Burst 3-321
2025-11-10 21:34:59,482 INFO o.a.j.t.JMeterThread: Thread finished: Burst 3-321
2025-11-10 21:34:59,376 INFO o.a.j.t.JMeterThread: Stopping because end time detected by thread: Burst 3-287
2025-11-10 21:34:59,482 INFO o.a.j.t.JMeterThread: Thread finished: Burst 3-287
2025-11-10 21:34:59,482 INFO o.a.j.t.JMeterThread: Stopping because end time detected by thread: Burst 3-479
2025-11-10 21:34:59,482 INFO o.a.j.t.JMeterThread: Thread finished: Burst 3-479
2025-11-10 21:34:59,371 INFO o.a.j.t.JMeterThread: Thread finished: Burst 3-53
2025-11-10 21:34:59,482 INFO o.a.j.t.JMeterThread: Stopping because end time detected by thread: Burst 3-471
2025-11-10 21:34:59,483 INFO o.a.j.t.JMeterThread: Thread finished: Burst 3-471
2025-11-10 21:34:59,483 INFO o.a.j.t.JMeterThread: Stopping because end time detected by thread: Burst 3-499
2025-11-10 21:34:59,483 INFO o.a.j.t.JMeterThread: Thread finished: Burst 3-499
2025-11-10 21:34:59,483 INFO o.a.j.t.JMeterThread: Stopping because end time detected by thread: Burst 3-414
2025-11-10 21:34:59,483 INFO o.a.j.t.JMeterThread: Thread finished: Burst 3-414
2025-11-10 21:34:59,485 INFO o.a.j.t.JMeterThread: Stopping because end time detected by thread: Burst 3-381
2025-11-10 21:34:59,485 INFO o.a.j.t.JMeterThread: Thread finished: Burst 3-381
2025-11-10 21:34:59,499 INFO o.a.j.t.JMeterThread: Thread finished: Burst 3-483
2025-11-10 21:34:59,388 INFO o.a.j.t.JMeterThread: Stopping because end time detected by thread: Burst 3-280
2025-11-10 21:34:59,499 INFO o.a.j.t.JMeterThread: Thread finished: Burst 3-280
2025-11-10 21:34:59,499 INFO o.a.j.t.JMeterThread: Thread finished: Burst 3-405
2025-11-10 21:34:59,499 INFO o.a.j.t.JMeterThread: Thread finished: Burst 3-357
2025-11-10 21:34:59,415 INFO o.a.j.t.JMeterThread: Stopping because end time detected by thread: Burst 3-276
2025-11-10 21:34:59,499 INFO o.a.j.t.JMeterThread: Thread finished: Burst 3-276
2025-11-10 21:34:59,500 INFO o.a.j.t.JMeterThread: Stopping because end time detected by thread: Burst 3-494
2025-11-10 21:34:59,500 INFO o.a.j.t.JMeterThread: Stopping because end time detected by thread: Burst 3-428
2025-11-10 21:34:59,500 INFO o.a.j.t.JMeterThread: Thread finished: Burst 3-428
2025-11-10 21:34:59,500 INFO o.a.j.t.JMeterThread: Thread finished: Burst 3-494
2025-11-10 21:34:59,500 INFO o.a.j.t.JMeterThread: Stopping because end time detected by thread: Burst 3-172
2025-11-10 21:34:59,500 INFO o.a.j.t.JMeterThread: Stopping because end time detected by thread: Burst 3-324
2025-11-10 21:34:59,500 INFO o.a.j.t.JMeterThread: Thread finished: Burst 3-172
2025-11-10 21:34:59,500 INFO o.a.j.t.JMeterThread: Thread finished: Burst 3-324
2025-11-10 21:34:59,500 INFO o.a.j.t.JMeterThread: Stopping because end time detected by thread: Burst 3-74
2025-11-10 21:34:59,500 INFO o.a.j.t.JMeterThread: Stopping because end time detected by thread: Burst 3-93
2025-11-10 21:34:59,500 INFO o.a.j.t.JMeterThread: Thread finished: Burst 3-74
2025-11-10 21:34:59,500 INFO o.a.j.t.JMeterThread: Thread finished: Burst 3-93
2025-11-10 21:34:59,500 INFO o.a.j.t.JMeterThread: Stopping because end time detected by thread: Burst 3-326
2025-11-10 21:34:59,500 INFO o.a.j.t.JMeterThread: Thread finished: Burst 3-326
2025-11-10 21:34:59,500 INFO o.a.j.t.JMeterThread: Stopping because end time detected by thread: Burst 3-340
2025-11-10 21:34:59,500 INFO o.a.j.t.JMeterThread: Thread finished: Burst 3-340
2025-11-10 21:34:59,501 INFO o.a.j.t.JMeterThread: Stopping because end time detected by thread: Burst 3-363
2025-11-10 21:34:59,501 INFO o.a.j.t.JMeterThread: Thread finished: Burst 3-363
2025-11-10 21:34:59,575 INFO o.a.j.t.JMeterThread: Stopping because end time detected by thread: Burst 3-495
2025-11-10 21:34:59,575 INFO o.a.j.t.JMeterThread: Thread finished: Burst 3-495
2025-11-10 21:34:59,576 INFO o.a.j.t.JMeterThread: Stopping because end time detected by thread: Burst 3-484
2025-11-10 21:34:59,576 INFO o.a.j.t.JMeterThread: Thread finished: Burst 3-484
2025-11-10 21:34:59,585 INFO o.a.j.t.JMeterThread: Stopping because end time detected by thread: Burst 3-477
2025-11-10 21:34:59,585 INFO o.a.j.t.JMeterThread: Thread finished: Burst 3-477
2025-11-10 21:34:59,593 INFO o.a.j.t.JMeterThread: Thread started: Ramp-Up 2-103
2025-11-10 21:34:59,658 INFO o.a.j.t.JMeterThread: Stopping because end time detected by thread: Cooldown 5-14
2025-11-10 21:34:59,658 INFO o.a.j.t.JMeterThread: Thread finished: Cooldown 5-14
2025-11-10 21:34:59,659 INFO o.a.j.t.JMeterThread: Stopping because end time detected by thread: Cooldown 5-16
2025-11-10 21:34:59,659 INFO o.a.j.t.JMeterThread: Thread finished: Cooldown 5-16
2025-11-10 21:34:59,662 INFO o.a.j.t.JMeterThread: Stopping because end time detected by thread: Cooldown 5-12
2025-11-10 21:34:59,662 INFO o.a.j.t.JMeterThread: Thread finished: Cooldown 5-12
2025-11-10 21:34:59,667 INFO o.a.j.t.JMeterThread: Stopping because end time detected by thread: Cooldown 5-19
2025-11-10 21:34:59,667 INFO o.a.j.t.JMeterThread: Thread finished: Cooldown 5-19
2025-11-10 21:34:59,667 INFO o.a.j.t.JMeterThread: Stopping because end time detected by thread: Cooldown 5-18
2025-11-10 21:34:59,667 INFO o.a.j.t.JMeterThread: Thread finished: Cooldown 5-18
2025-11-10 21:34:59,669 INFO o.a.j.t.JMeterThread: Stopping because end time detected by thread: Cooldown 5-30
2025-11-10 21:34:59,669 INFO o.a.j.t.JMeterThread: Thread finished: Cooldown 5-30
2025-11-10 21:34:59,708 INFO o.a.j.t.JMeterThread: Stopping because end time detected by thread: Cooldown 5-6
2025-11-10 21:34:59,708 INFO o.a.j.t.JMeterThread: Thread finished: Cooldown 5-6
2025-11-10 21:34:59,733 INFO o.a.j.t.JMeterThread: Stopping because end time detected by thread: Cooldown 5-1
2025-11-10 21:34:59,733 INFO o.a.j.t.JMeterThread: Thread finished: Cooldown 5-1
2025-11-10 21:34:59,734 INFO o.a.j.t.JMeterThread: Stopping because end time detected by thread: Cooldown 5-22
2025-11-10 21:34:59,734 INFO o.a.j.t.JMeterThread: Thread finished: Cooldown 5-22
2025-11-10 21:34:59,734 INFO o.a.j.t.JMeterThread: Stopping because end time detected by thread: Cooldown 5-8
2025-11-10 21:34:59,734 INFO o.a.j.t.JMeterThread: Thread finished: Cooldown 5-8
2025-11-10 21:34:59,735 INFO o.a.j.t.JMeterThread: Stopping because end time detected by thread: Cooldown 5-23
2025-11-10 21:34:59,735 INFO o.a.j.t.JMeterThread: Thread finished: Cooldown 5-23
2025-11-10 21:34:59,741 INFO o.a.j.t.JMeterThread: Stopping because end time detected by thread: Burst 3-480
2025-11-10 21:34:59,741 INFO o.a.j.t.JMeterThread: Thread finished: Burst 3-480
2025-11-10 21:34:59,741 INFO o.a.j.t.JMeterThread: Stopping because end time detected by thread: Burst 3-463
2025-11-10 21:34:59,741 INFO o.a.j.t.JMeterThread: Thread finished: Burst 3-463
2025-11-10 21:34:59,744 INFO o.a.j.t.JMeterThread: Stopping because end time detected by thread: Cooldown 5-7
2025-11-10 21:34:59,744 INFO o.a.j.t.JMeterThread: Thread finished: Cooldown 5-7
2025-11-10 21:34:59,745 INFO o.a.j.t.JMeterThread: Stopping because end time detected by thread: Burst 3-462
2025-11-10 21:34:59,745 INFO o.a.j.t.JMeterThread: Thread finished: Burst 3-462
2025-11-10 21:34:59,746 INFO o.a.j.t.JMeterThread: Stopping because end time detected by thread: Burst 3-465
2025-11-10 21:34:59,746 INFO o.a.j.t.JMeterThread: Thread finished: Burst 3-465
2025-11-10 21:34:59,747 INFO o.a.j.t.JMeterThread: Stopping because end time detected by thread: Burst 3-413
2025-11-10 21:34:59,747 INFO o.a.j.t.JMeterThread: Thread finished: Burst 3-413
2025-11-10 21:34:59,749 INFO o.a.j.t.JMeterThread: Stopping because end time detected by thread: Cooldown 5-26
2025-11-10 21:34:59,749 INFO o.a.j.t.JMeterThread: Thread finished: Cooldown 5-26
2025-11-10 21:34:59,749 INFO o.a.j.t.JMeterThread: Stopping because end time detected by thread: Burst 3-401
2025-11-10 21:34:59,749 INFO o.a.j.t.JMeterThread: Thread finished: Burst 3-401
2025-11-10 21:34:59,750 INFO o.a.j.t.JMeterThread: Stopping because end time detected by thread: Burst 3-378
2025-11-10 21:34:59,750 INFO o.a.j.t.JMeterThread: Thread finished: Burst 3-378
2025-11-10 21:34:59,752 INFO o.a.j.t.JMeterThread: Stopping because end time detected by thread: Burst 3-384
2025-11-10 21:34:59,752 INFO o.a.j.t.JMeterThread: Thread finished: Burst 3-384
2025-11-10 21:34:59,753 INFO o.a.j.t.JMeterThread: Stopping because end time detected by thread: Burst 3-382
2025-11-10 21:34:59,753 INFO o.a.j.t.JMeterThread: Thread finished: Burst 3-382
2025-11-10 21:34:59,756 INFO o.a.j.t.JMeterThread: Stopping because end time detected by thread: Burst 3-429
2025-11-10 21:34:59,756 INFO o.a.j.t.JMeterThread: Thread finished: Burst 3-429
2025-11-10 21:34:59,757 INFO o.a.j.t.JMeterThread: Stopping because end time detected by thread: Burst 3-396
2025-11-10 21:34:59,757 INFO o.a.j.t.JMeterThread: Thread finished: Burst 3-396
2025-11-10 21:34:59,761 INFO o.a.j.t.JMeterThread: Stopping because end time detected by thread: Cooldown 5-3
2025-11-10 21:34:59,761 INFO o.a.j.t.JMeterThread: Thread finished: Cooldown 5-3
2025-11-10 21:34:59,860 INFO o.a.j.t.JMeterThread: Stopping because end time detected by thread: Cooldown 5-11
2025-11-10 21:34:59,860 INFO o.a.j.t.JMeterThread: Thread finished: Cooldown 5-11
2025-11-10 21:34:59,861 INFO o.a.j.t.JMeterThread: Stopping because end time detected by thread: Cooldown 5-9
2025-11-10 21:34:59,861 INFO o.a.j.t.JMeterThread: Thread finished: Cooldown 5-9
2025-11-10 21:34:59,889 INFO o.a.j.t.JMeterThread: Thread started: Ramp-Up 2-104
2025-11-10 21:34:59,920 INFO o.a.j.t.JMeterThread: Stopping because end time detected by thread: Cooldown 5-2
2025-11-10 21:34:59,920 INFO o.a.j.t.JMeterThread: Thread finished: Cooldown 5-2
2025-11-10 21:34:59,942 INFO o.a.j.t.JMeterThread: Stopping because end time detected by thread: Cooldown 5-15
2025-11-10 21:34:59,942 INFO o.a.j.t.JMeterThread: Thread finished: Cooldown 5-15
2025-11-10 21:34:59,943 INFO o.a.j.t.JMeterThread: Stopping because end time detected by thread: Cooldown 5-24
2025-11-10 21:34:59,943 INFO o.a.j.t.JMeterThread: Thread finished: Cooldown 5-24
2025-11-10 21:34:59,986 INFO o.a.j.t.JMeterThread: Stopping because end time detected by thread: Cooldown 5-4
2025-11-10 21:34:59,986 INFO o.a.j.t.JMeterThread: Thread finished: Cooldown 5-4
2025-11-10 21:34:59,987 INFO o.a.j.t.JMeterThread: Stopping because end time detected by thread: Cooldown 5-25
2025-11-10 21:34:59,987 INFO o.a.j.t.JMeterThread: Thread finished: Cooldown 5-25
2025-11-10 21:34:59,993 INFO o.a.j.t.JMeterThread: Stopping because end time detected by thread: Cooldown 5-5
2025-11-10 21:34:59,994 INFO o.a.j.t.JMeterThread: Thread finished: Cooldown 5-5
2025-11-10 21:34:59,994 INFO o.a.j.t.JMeterThread: Stopping because end time detected by thread: Cooldown 5-29
2025-11-10 21:34:59,994 INFO o.a.j.t.JMeterThread: Thread finished: Cooldown 5-29
2025-11-10 21:34:59,997 INFO o.a.j.t.JMeterThread: Stopping because end time detected by thread: Cooldown 5-28
2025-11-10 21:34:59,997 INFO o.a.j.t.JMeterThread: Thread finished: Cooldown 5-28
2025-11-10 21:34:59,997 INFO o.a.j.t.JMeterThread: Stopping because end time detected by thread: Cooldown 5-17
2025-11-10 21:34:59,998 INFO o.a.j.t.JMeterThread: Thread finished: Cooldown 5-17
2025-11-10 21:34:59,999 INFO o.a.j.t.JMeterThread: Stopping because end time detected by thread: Cooldown 5-20
2025-11-10 21:34:59,999 INFO o.a.j.t.JMeterThread: Thread finished: Cooldown 5-20
2025-11-10 21:35:00,001 INFO o.a.j.r.Summariser: summary + 576898 in 00:00:30 = 19229.9/s Avg:    20 Min:     0 Max:  1920 Err: 576898 (100.00%) Active: 258 Started: 834 Finished: 576
2025-11-10 21:35:00,001 INFO o.a.j.r.Summariser: summary = 588036 in 00:00:31 = 18943.8/s Avg:    19 Min:     0 Max:  1920 Err: 588036 (100.00%)
2025-11-10 21:35:00,010 INFO o.a.j.t.JMeterThread: Stopping because end time detected by thread: Cooldown 5-13
2025-11-10 21:35:00,010 INFO o.a.j.t.JMeterThread: Thread finished: Cooldown 5-13
2025-11-10 21:35:00,015 INFO o.a.j.t.JMeterThread: Stopping because end time detected by thread: Cooldown 5-21
2025-11-10 21:35:00,015 INFO o.a.j.t.JMeterThread: Thread finished: Cooldown 5-21
2025-11-10 21:35:00,030 INFO o.a.j.t.JMeterThread: Stopping because end time detected by thread: Cooldown 5-27
2025-11-10 21:35:00,030 INFO o.a.j.t.JMeterThread: Thread finished: Cooldown 5-27
2025-11-10 21:35:00,049 INFO o.a.j.t.JMeterThread: Stopping because end time detected by thread: Cooldown 5-10
2025-11-10 21:35:00,050 INFO o.a.j.t.JMeterThread: Thread finished: Cooldown 5-10
2025-11-10 21:35:00,189 INFO o.a.j.t.JMeterThread: Thread started: Ramp-Up 2-105
2025-11-10 21:35:00,489 INFO o.a.j.t.JMeterThread: Thread started: Ramp-Up 2-106
2025-11-10 21:35:00,789 INFO o.a.j.t.JMeterThread: Thread started: Ramp-Up 2-107
2025-11-10 21:35:01,093 INFO o.a.j.t.JMeterThread: Thread started: Ramp-Up 2-108
2025-11-10 21:35:01,389 INFO o.a.j.t.JMeterThread: Thread started: Ramp-Up 2-109
2025-11-10 21:35:01,690 INFO o.a.j.t.JMeterThread: Thread started: Ramp-Up 2-110
2025-11-10 21:35:01,992 INFO o.a.j.t.JMeterThread: Thread started: Ramp-Up 2-111
2025-11-10 21:35:02,289 INFO o.a.j.t.JMeterThread: Thread started: Ramp-Up 2-112
2025-11-10 21:35:02,590 INFO o.a.j.t.JMeterThread: Thread started: Ramp-Up 2-113
2025-11-10 21:35:02,891 INFO o.a.j.t.JMeterThread: Thread started: Ramp-Up 2-114
2025-11-10 21:35:03,191 INFO o.a.j.t.JMeterThread: Thread started: Ramp-Up 2-115
2025-11-10 21:35:03,491 INFO o.a.j.t.JMeterThread: Thread started: Ramp-Up 2-116
2025-11-10 21:35:03,788 INFO o.a.j.t.JMeterThread: Thread started: Ramp-Up 2-117
2025-11-10 21:35:04,091 INFO o.a.j.t.JMeterThread: Thread started: Ramp-Up 2-118
2025-11-10 21:35:04,391 INFO o.a.j.t.JMeterThread: Thread started: Ramp-Up 2-119
2025-11-10 21:35:04,688 INFO o.a.j.t.JMeterThread: Thread started: Ramp-Up 2-120
2025-11-10 21:35:04,991 INFO o.a.j.t.JMeterThread: Thread started: Ramp-Up 2-121
2025-11-10 21:35:05,293 INFO o.a.j.t.JMeterThread: Thread started: Ramp-Up 2-122
2025-11-10 21:35:05,593 INFO o.a.j.t.JMeterThread: Thread started: Ramp-Up 2-123
2025-11-10 21:35:05,895 INFO o.a.j.t.JMeterThread: Thread started: Ramp-Up 2-124
2025-11-10 21:35:06,191 INFO o.a.j.t.JMeterThread: Thread started: Ramp-Up 2-125
2025-11-10 21:35:06,492 INFO o.a.j.t.JMeterThread: Thread started: Ramp-Up 2-126
2025-11-10 21:35:06,789 INFO o.a.j.t.JMeterThread: Thread started: Ramp-Up 2-127
2025-11-10 21:35:07,092 INFO o.a.j.t.JMeterThread: Thread started: Ramp-Up 2-128
2025-11-10 21:35:07,393 INFO o.a.j.t.JMeterThread: Thread started: Ramp-Up 2-129
2025-11-10 21:35:07,695 INFO o.a.j.t.JMeterThread: Thread started: Ramp-Up 2-130
2025-11-10 21:35:07,988 INFO o.a.j.t.JMeterThread: Thread started: Ramp-Up 2-131
2025-11-10 21:35:08,288 INFO o.a.j.t.JMeterThread: Thread started: Ramp-Up 2-132
2025-11-10 21:35:08,588 INFO o.a.j.t.JMeterThread: Thread started: Ramp-Up 2-133
2025-11-10 21:35:08,891 INFO o.a.j.t.JMeterThread: Thread started: Ramp-Up 2-134
2025-11-10 21:35:09,190 INFO o.a.j.t.JMeterThread: Thread started: Ramp-Up 2-135
2025-11-10 21:35:09,492 INFO o.a.j.t.JMeterThread: Thread started: Ramp-Up 2-136
2025-11-10 21:35:09,792 INFO o.a.j.t.JMeterThread: Thread started: Ramp-Up 2-137
2025-11-10 21:35:10,091 INFO o.a.j.t.JMeterThread: Thread started: Ramp-Up 2-138
2025-11-10 21:35:10,386 INFO o.a.j.t.JMeterThread: Thread started: Ramp-Up 2-139
2025-11-10 21:35:10,691 INFO o.a.j.t.JMeterThread: Thread started: Ramp-Up 2-140
2025-11-10 21:35:10,993 INFO o.a.j.t.JMeterThread: Thread started: Ramp-Up 2-141
2025-11-10 21:35:11,289 INFO o.a.j.t.JMeterThread: Thread started: Ramp-Up 2-142
2025-11-10 21:35:11,592 INFO o.a.j.t.JMeterThread: Thread started: Ramp-Up 2-143
2025-11-10 21:35:11,891 INFO o.a.j.t.JMeterThread: Thread started: Ramp-Up 2-144
2025-11-10 21:35:12,192 INFO o.a.j.t.JMeterThread: Thread started: Ramp-Up 2-145
2025-11-10 21:35:12,487 INFO o.a.j.t.JMeterThread: Thread started: Ramp-Up 2-146
2025-11-10 21:35:12,790 INFO o.a.j.t.JMeterThread: Thread started: Ramp-Up 2-147
2025-11-10 21:35:13,096 INFO o.a.j.t.JMeterThread: Thread started: Ramp-Up 2-148
2025-11-10 21:35:13,391 INFO o.a.j.t.JMeterThread: Thread started: Ramp-Up 2-149
2025-11-10 21:35:13,688 INFO o.a.j.t.JMeterThread: Thread started: Ramp-Up 2-150
2025-11-10 21:35:13,991 INFO o.a.j.t.JMeterThread: Thread started: Ramp-Up 2-151
2025-11-10 21:35:14,291 INFO o.a.j.t.JMeterThread: Thread started: Ramp-Up 2-152
2025-11-10 21:35:14,591 INFO o.a.j.t.JMeterThread: Thread started: Ramp-Up 2-153
2025-11-10 21:35:14,892 INFO o.a.j.t.JMeterThread: Thread started: Ramp-Up 2-154
2025-11-10 21:35:15,192 INFO o.a.j.t.JMeterThread: Thread started: Ramp-Up 2-155
2025-11-10 21:35:15,491 INFO o.a.j.t.JMeterThread: Thread started: Ramp-Up 2-156
2025-11-10 21:35:15,786 INFO o.a.j.t.JMeterThread: Thread started: Ramp-Up 2-157
2025-11-10 21:35:16,090 INFO o.a.j.t.JMeterThread: Thread started: Ramp-Up 2-158
2025-11-10 21:35:16,391 INFO o.a.j.t.JMeterThread: Thread started: Ramp-Up 2-159
2025-11-10 21:35:16,694 INFO o.a.j.t.JMeterThread: Thread started: Ramp-Up 2-160
2025-11-10 21:35:16,992 INFO o.a.j.t.JMeterThread: Thread started: Ramp-Up 2-161
2025-11-10 21:35:17,289 INFO o.a.j.t.JMeterThread: Thread started: Ramp-Up 2-162
2025-11-10 21:35:17,591 INFO o.a.j.t.JMeterThread: Thread started: Ramp-Up 2-163
2025-11-10 21:35:17,887 INFO o.a.j.t.JMeterThread: Thread started: Ramp-Up 2-164
2025-11-10 21:35:18,191 INFO o.a.j.t.JMeterThread: Thread started: Ramp-Up 2-165
2025-11-10 21:35:18,487 INFO o.a.j.t.JMeterThread: Thread started: Ramp-Up 2-166
2025-11-10 21:35:18,792 INFO o.a.j.t.JMeterThread: Thread started: Ramp-Up 2-167
2025-11-10 21:35:19,089 INFO o.a.j.t.JMeterThread: Thread started: Ramp-Up 2-168
2025-11-10 21:35:19,392 INFO o.a.j.t.JMeterThread: Thread started: Ramp-Up 2-169
2025-11-10 21:35:19,688 INFO o.a.j.t.JMeterThread: Thread started: Ramp-Up 2-170
2025-11-10 21:35:19,986 INFO o.a.j.t.JMeterThread: Thread started: Ramp-Up 2-171
2025-11-10 21:35:20,291 INFO o.a.j.t.JMeterThread: Thread started: Ramp-Up 2-172
2025-11-10 21:35:20,593 INFO o.a.j.t.JMeterThread: Thread started: Ramp-Up 2-173
2025-11-10 21:35:20,895 INFO o.a.j.t.JMeterThread: Thread started: Ramp-Up 2-174
2025-11-10 21:35:21,187 INFO o.a.j.t.JMeterThread: Thread started: Ramp-Up 2-175
2025-11-10 21:35:21,489 INFO o.a.j.t.JMeterThread: Thread started: Ramp-Up 2-176
2025-11-10 21:35:21,791 INFO o.a.j.t.JMeterThread: Thread started: Ramp-Up 2-177
2025-11-10 21:35:22,091 INFO o.a.j.t.JMeterThread: Thread started: Ramp-Up 2-178
2025-11-10 21:35:22,392 INFO o.a.j.t.JMeterThread: Thread started: Ramp-Up 2-179
2025-11-10 21:35:22,691 INFO o.a.j.t.JMeterThread: Thread started: Ramp-Up 2-180
2025-11-10 21:35:22,991 INFO o.a.j.t.JMeterThread: Thread started: Ramp-Up 2-181
2025-11-10 21:35:23,292 INFO o.a.j.t.JMeterThread: Thread started: Ramp-Up 2-182
2025-11-10 21:35:23,591 INFO o.a.j.t.JMeterThread: Thread started: Ramp-Up 2-183
2025-11-10 21:35:23,890 INFO o.a.j.t.JMeterThread: Thread started: Ramp-Up 2-184
2025-11-10 21:35:24,188 INFO o.a.j.t.JMeterThread: Thread started: Ramp-Up 2-185
2025-11-10 21:35:24,489 INFO o.a.j.t.JMeterThread: Thread started: Ramp-Up 2-186
2025-11-10 21:35:24,792 INFO o.a.j.t.JMeterThread: Thread started: Ramp-Up 2-187
2025-11-10 21:35:25,091 INFO o.a.j.t.JMeterThread: Thread started: Ramp-Up 2-188
2025-11-10 21:35:25,391 INFO o.a.j.t.JMeterThread: Thread started: Ramp-Up 2-189
2025-11-10 21:35:25,693 INFO o.a.j.t.JMeterThread: Thread started: Ramp-Up 2-190
2025-11-10 21:35:25,991 INFO o.a.j.t.JMeterThread: Thread started: Ramp-Up 2-191
2025-11-10 21:35:26,290 INFO o.a.j.t.JMeterThread: Thread started: Ramp-Up 2-192
2025-11-10 21:35:26,588 INFO o.a.j.t.JMeterThread: Thread started: Ramp-Up 2-193
2025-11-10 21:35:26,892 INFO o.a.j.t.JMeterThread: Thread started: Ramp-Up 2-194
2025-11-10 21:35:27,192 INFO o.a.j.t.JMeterThread: Thread started: Ramp-Up 2-195
2025-11-10 21:35:27,488 INFO o.a.j.t.JMeterThread: Thread started: Ramp-Up 2-196
2025-11-10 21:35:27,791 INFO o.a.j.t.JMeterThread: Thread started: Ramp-Up 2-197
2025-11-10 21:35:28,088 INFO o.a.j.t.JMeterThread: Thread started: Ramp-Up 2-198
2025-11-10 21:35:28,387 INFO o.a.j.t.JMeterThread: Thread started: Ramp-Up 2-199
2025-11-10 21:35:28,693 INFO o.a.j.t.JMeterThread: Thread started: Ramp-Up 2-200
2025-11-10 21:35:28,992 INFO o.a.j.t.JMeterThread: Stopping because end time detected by thread: Ramp-Up 2-22
2025-11-10 21:35:28,992 INFO o.a.j.t.JMeterThread: Thread finished: Ramp-Up 2-22
2025-11-10 21:35:28,996 INFO o.a.j.t.JMeterThread: Stopping because end time detected by thread: Ramp-Up 2-26
2025-11-10 21:35:28,996 INFO o.a.j.t.JMeterThread: Thread finished: Ramp-Up 2-26
2025-11-10 21:35:28,998 INFO o.a.j.t.JMeterThread: Stopping because end time detected by thread: Ramp-Up 2-48
2025-11-10 21:35:28,998 INFO o.a.j.t.JMeterThread: Thread finished: Ramp-Up 2-48
2025-11-10 21:35:29,002 INFO o.a.j.t.JMeterThread: Stopping because end time detected by thread: Ramp-Up 2-73
2025-11-10 21:35:29,002 INFO o.a.j.t.JMeterThread: Thread finished: Ramp-Up 2-73
2025-11-10 21:35:29,009 INFO o.a.j.t.JMeterThread: Stopping because end time detected by thread: Ramp-Up 2-96
2025-11-10 21:35:29,009 INFO o.a.j.t.JMeterThread: Thread finished: Ramp-Up 2-96
2025-11-10 21:35:29,013 INFO o.a.j.t.JMeterThread: Stopping because end time detected by thread: Ramp-Up 2-115
2025-11-10 21:35:29,013 INFO o.a.j.t.JMeterThread: Thread finished: Ramp-Up 2-115
2025-11-10 21:35:29,015 INFO o.a.j.t.JMeterThread: Stopping because end time detected by thread: Ramp-Up 2-125
2025-11-10 21:35:29,015 INFO o.a.j.t.JMeterThread: Thread finished: Ramp-Up 2-125
2025-11-10 21:35:29,019 INFO o.a.j.t.JMeterThread: Stopping because end time detected by thread: Ramp-Up 2-148
2025-11-10 21:35:29,019 INFO o.a.j.t.JMeterThread: Thread finished: Ramp-Up 2-148
2025-11-10 21:35:29,023 INFO o.a.j.t.JMeterThread: Stopping because end time detected by thread: Ramp-Up 2-171
2025-11-10 21:35:29,023 INFO o.a.j.t.JMeterThread: Thread finished: Ramp-Up 2-171
2025-11-10 21:35:29,024 INFO o.a.j.t.JMeterThread: Stopping because end time detected by thread: Ramp-Up 2-134
2025-11-10 21:35:29,024 INFO o.a.j.t.JMeterThread: Thread finished: Ramp-Up 2-134
2025-11-10 21:35:29,025 INFO o.a.j.t.JMeterThread: Stopping because end time detected by thread: Ramp-Up 2-170
2025-11-10 21:35:29,025 INFO o.a.j.t.JMeterThread: Thread finished: Ramp-Up 2-170
2025-11-10 21:35:29,026 INFO o.a.j.t.JMeterThread: Stopping because end time detected by thread: Ramp-Up 2-116
2025-11-10 21:35:29,026 INFO o.a.j.t.JMeterThread: Stopping because end time detected by thread: Ramp-Up 2-174
2025-11-10 21:35:29,026 INFO o.a.j.t.JMeterThread: Stopping because end time detected by thread: Ramp-Up 2-190
2025-11-10 21:35:29,026 INFO o.a.j.t.JMeterThread: Thread finished: Ramp-Up 2-174
2025-11-10 21:35:29,026 INFO o.a.j.t.JMeterThread: Thread finished: Ramp-Up 2-116
2025-11-10 21:35:29,026 INFO o.a.j.t.JMeterThread: Thread finished: Ramp-Up 2-190
2025-11-10 21:35:29,026 INFO o.a.j.t.JMeterThread: Stopping because end time detected by thread: Ramp-Up 2-88
2025-11-10 21:35:29,026 INFO o.a.j.t.JMeterThread: Thread finished: Ramp-Up 2-88
2025-11-10 21:35:29,026 INFO o.a.j.t.JMeterThread: Stopping because end time detected by thread: Ramp-Up 2-37
2025-11-10 21:35:29,026 INFO o.a.j.t.JMeterThread: Thread finished: Ramp-Up 2-37
2025-11-10 21:35:29,026 INFO o.a.j.t.JMeterThread: Stopping because end time detected by thread: Ramp-Up 2-141
2025-11-10 21:35:29,026 INFO o.a.j.t.JMeterThread: Thread finished: Ramp-Up 2-141
2025-11-10 21:35:29,027 INFO o.a.j.t.JMeterThread: Stopping because end time detected by thread: Ramp-Up 2-194
2025-11-10 21:35:29,027 INFO o.a.j.t.JMeterThread: Thread finished: Ramp-Up 2-194
2025-11-10 21:35:29,027 INFO o.a.j.t.JMeterThread: Stopping because end time detected by thread: Ramp-Up 2-82
2025-11-10 21:35:29,027 INFO o.a.j.t.JMeterThread: Thread finished: Ramp-Up 2-82
2025-11-10 21:35:29,028 INFO o.a.j.t.JMeterThread: Stopping because end time detected by thread: Ramp-Up 2-119
2025-11-10 21:35:29,028 INFO o.a.j.t.JMeterThread: Thread finished: Ramp-Up 2-119
2025-11-10 21:35:29,028 INFO o.a.j.t.JMeterThread: Stopping because end time detected by thread: Ramp-Up 2-78
2025-11-10 21:35:29,028 INFO o.a.j.t.JMeterThread: Thread finished: Ramp-Up 2-78
2025-11-10 21:35:29,028 INFO o.a.j.t.JMeterThread: Stopping because end time detected by thread: Ramp-Up 2-94
2025-11-10 21:35:29,028 INFO o.a.j.t.JMeterThread: Stopping because end time detected by thread: Ramp-Up 2-142
2025-11-10 21:35:29,028 INFO o.a.j.t.JMeterThread: Thread finished: Ramp-Up 2-94
2025-11-10 21:35:29,028 INFO o.a.j.t.JMeterThread: Thread finished: Ramp-Up 2-142
2025-11-10 21:35:29,029 INFO o.a.j.t.JMeterThread: Stopping because end time detected by thread: Ramp-Up 2-56
2025-11-10 21:35:29,029 INFO o.a.j.t.JMeterThread: Thread finished: Ramp-Up 2-56
2025-11-10 21:35:29,029 INFO o.a.j.t.JMeterThread: Stopping because end time detected by thread: Ramp-Up 2-184
2025-11-10 21:35:29,029 INFO o.a.j.t.JMeterThread: Thread finished: Ramp-Up 2-184
2025-11-10 21:35:29,030 INFO o.a.j.t.JMeterThread: Stopping because end time detected by thread: Ramp-Up 2-155
2025-11-10 21:35:29,030 INFO o.a.j.t.JMeterThread: Thread finished: Ramp-Up 2-155
2025-11-10 21:35:29,030 INFO o.a.j.t.JMeterThread: Stopping because end time detected by thread: Ramp-Up 2-58
2025-11-10 21:35:29,030 INFO o.a.j.t.JMeterThread: Thread finished: Ramp-Up 2-58
2025-11-10 21:35:29,030 INFO o.a.j.t.JMeterThread: Stopping because end time detected by thread: Ramp-Up 2-8
2025-11-10 21:35:29,030 INFO o.a.j.t.JMeterThread: Thread finished: Ramp-Up 2-8
2025-11-10 21:35:29,030 INFO o.a.j.t.JMeterThread: Stopping because end time detected by thread: Ramp-Up 2-118
2025-11-10 21:35:29,030 INFO o.a.j.t.JMeterThread: Thread finished: Ramp-Up 2-118
2025-11-10 21:35:29,031 INFO o.a.j.t.JMeterThread: Stopping because end time detected by thread: Ramp-Up 2-76
2025-11-10 21:35:29,031 INFO o.a.j.t.JMeterThread: Thread finished: Ramp-Up 2-76
2025-11-10 21:35:29,031 INFO o.a.j.t.JMeterThread: Stopping because end time detected by thread: Ramp-Up 2-5
2025-11-10 21:35:29,031 INFO o.a.j.t.JMeterThread: Thread finished: Ramp-Up 2-5
2025-11-10 21:35:29,031 INFO o.a.j.t.JMeterThread: Stopping because end time detected by thread: Ramp-Up 2-18
2025-11-10 21:35:29,031 INFO o.a.j.t.JMeterThread: Stopping because end time detected by thread: Ramp-Up 2-131
2025-11-10 21:35:29,031 INFO o.a.j.t.JMeterThread: Thread finished: Ramp-Up 2-18
2025-11-10 21:35:29,031 INFO o.a.j.t.JMeterThread: Thread finished: Ramp-Up 2-131
2025-11-10 21:35:29,032 INFO o.a.j.t.JMeterThread: Stopping because end time detected by thread: Ramp-Up 2-104
2025-11-10 21:35:29,032 INFO o.a.j.t.JMeterThread: Thread finished: Ramp-Up 2-104
2025-11-10 21:35:29,032 INFO o.a.j.t.JMeterThread: Stopping because end time detected by thread: Ramp-Up 2-55
2025-11-10 21:35:29,032 INFO o.a.j.t.JMeterThread: Thread finished: Ramp-Up 2-55
2025-11-10 21:35:29,032 INFO o.a.j.t.JMeterThread: Stopping because end time detected by thread: Ramp-Up 2-84
2025-11-10 21:35:29,032 INFO o.a.j.t.JMeterThread: Thread finished: Ramp-Up 2-84
2025-11-10 21:35:29,033 INFO o.a.j.t.JMeterThread: Stopping because end time detected by thread: Ramp-Up 2-102
2025-11-10 21:35:29,033 INFO o.a.j.t.JMeterThread: Thread finished: Ramp-Up 2-102
2025-11-10 21:35:29,033 INFO o.a.j.t.JMeterThread: Stopping because end time detected by thread: Ramp-Up 2-195
2025-11-10 21:35:29,033 INFO o.a.j.t.JMeterThread: Thread finished: Ramp-Up 2-195
2025-11-10 21:35:29,034 INFO o.a.j.t.JMeterThread: Stopping because end time detected by thread: Ramp-Up 2-150
2025-11-10 21:35:29,034 INFO o.a.j.t.JMeterThread: Stopping because end time detected by thread: Ramp-Up 2-135
2025-11-10 21:35:29,034 INFO o.a.j.t.JMeterThread: Thread finished: Ramp-Up 2-135
2025-11-10 21:35:29,034 INFO o.a.j.t.JMeterThread: Stopping because end time detected by thread: Ramp-Up 2-199
2025-11-10 21:35:29,034 INFO o.a.j.t.JMeterThread: Thread finished: Ramp-Up 2-199
2025-11-10 21:35:29,034 INFO o.a.j.t.JMeterThread: Thread finished: Ramp-Up 2-150
2025-11-10 21:35:29,035 INFO o.a.j.t.JMeterThread: Stopping because end time detected by thread: Ramp-Up 2-87
2025-11-10 21:35:29,035 INFO o.a.j.t.JMeterThread: Thread finished: Ramp-Up 2-87
2025-11-10 21:35:29,035 INFO o.a.j.t.JMeterThread: Stopping because end time detected by thread: Ramp-Up 2-183
2025-11-10 21:35:29,035 INFO o.a.j.t.JMeterThread: Stopping because end time detected by thread: Ramp-Up 2-181
2025-11-10 21:35:29,035 INFO o.a.j.t.JMeterThread: Thread finished: Ramp-Up 2-183
2025-11-10 21:35:29,036 INFO o.a.j.t.JMeterThread: Stopping because end time detected by thread: Ramp-Up 2-126
2025-11-10 21:35:29,036 INFO o.a.j.t.JMeterThread: Thread finished: Ramp-Up 2-126
2025-11-10 21:35:29,035 INFO o.a.j.t.JMeterThread: Thread finished: Ramp-Up 2-181
2025-11-10 21:35:29,036 INFO o.a.j.t.JMeterThread: Stopping because end time detected by thread: Ramp-Up 2-68
2025-11-10 21:35:29,036 INFO o.a.j.t.JMeterThread: Thread finished: Ramp-Up 2-68
2025-11-10 21:35:29,036 INFO o.a.j.t.JMeterThread: Stopping because end time detected by thread: Ramp-Up 2-159
2025-11-10 21:35:29,036 INFO o.a.j.t.JMeterThread: Thread finished: Ramp-Up 2-159
2025-11-10 21:35:29,037 INFO o.a.j.t.JMeterThread: Stopping because end time detected by thread: Ramp-Up 2-34
2025-11-10 21:35:29,037 INFO o.a.j.t.JMeterThread: Thread finished: Ramp-Up 2-34
2025-11-10 21:35:29,038 INFO o.a.j.t.JMeterThread: Stopping because end time detected by thread: Ramp-Up 2-62
2025-11-10 21:35:29,038 INFO o.a.j.t.JMeterThread: Thread finished: Ramp-Up 2-62
2025-11-10 21:35:29,039 INFO o.a.j.t.JMeterThread: Stopping because end time detected by thread: Ramp-Up 2-188
2025-11-10 21:35:29,039 INFO o.a.j.t.JMeterThread: Thread finished: Ramp-Up 2-188
2025-11-10 21:35:29,039 INFO o.a.j.t.JMeterThread: Stopping because end time detected by thread: Ramp-Up 2-143
2025-11-10 21:35:29,039 INFO o.a.j.t.JMeterThread: Thread finished: Ramp-Up 2-143
2025-11-10 21:35:29,040 INFO o.a.j.t.JMeterThread: Stopping because end time detected by thread: Ramp-Up 2-41
2025-11-10 21:35:29,040 INFO o.a.j.t.JMeterThread: Thread finished: Ramp-Up 2-41
2025-11-10 21:35:29,040 INFO o.a.j.t.JMeterThread: Stopping because end time detected by thread: Ramp-Up 2-17
2025-11-10 21:35:29,040 INFO o.a.j.t.JMeterThread: Thread finished: Ramp-Up 2-17
2025-11-10 21:35:29,041 INFO o.a.j.t.JMeterThread: Stopping because end time detected by thread: Ramp-Up 2-77
2025-11-10 21:35:29,041 INFO o.a.j.t.JMeterThread: Thread finished: Ramp-Up 2-77
2025-11-10 21:35:29,041 INFO o.a.j.t.JMeterThread: Stopping because end time detected by thread: Ramp-Up 2-69
2025-11-10 21:35:29,041 INFO o.a.j.t.JMeterThread: Thread finished: Ramp-Up 2-69
2025-11-10 21:35:29,042 INFO o.a.j.t.JMeterThread: Stopping because end time detected by thread: Ramp-Up 2-100
2025-11-10 21:35:29,042 INFO o.a.j.t.JMeterThread: Thread finished: Ramp-Up 2-100
2025-11-10 21:35:29,042 INFO o.a.j.t.JMeterThread: Stopping because end time detected by thread: Ramp-Up 2-30
2025-11-10 21:35:29,042 INFO o.a.j.t.JMeterThread: Thread finished: Ramp-Up 2-30
2025-11-10 21:35:29,042 INFO o.a.j.t.JMeterThread: Stopping because end time detected by thread: Ramp-Up 2-128
2025-11-10 21:35:29,042 INFO o.a.j.t.JMeterThread: Thread finished: Ramp-Up 2-128
2025-11-10 21:35:29,042 INFO o.a.j.t.JMeterThread: Stopping because end time detected by thread: Ramp-Up 2-24
2025-11-10 21:35:29,042 INFO o.a.j.t.JMeterThread: Thread finished: Ramp-Up 2-24
2025-11-10 21:35:29,043 INFO o.a.j.t.JMeterThread: Stopping because end time detected by thread: Ramp-Up 2-127
2025-11-10 21:35:29,043 INFO o.a.j.t.JMeterThread: Thread finished: Ramp-Up 2-127
2025-11-10 21:35:29,043 INFO o.a.j.t.JMeterThread: Stopping because end time detected by thread: Ramp-Up 2-29
2025-11-10 21:35:29,043 INFO o.a.j.t.JMeterThread: Thread finished: Ramp-Up 2-29
2025-11-10 21:35:29,043 INFO o.a.j.t.JMeterThread: Stopping because end time detected by thread: Ramp-Up 2-46
2025-11-10 21:35:29,044 INFO o.a.j.t.JMeterThread: Thread finished: Ramp-Up 2-46
2025-11-10 21:35:29,044 INFO o.a.j.t.JMeterThread: Stopping because end time detected by thread: Ramp-Up 2-36
2025-11-10 21:35:29,044 INFO o.a.j.t.JMeterThread: Thread finished: Ramp-Up 2-36
2025-11-10 21:35:29,045 INFO o.a.j.t.JMeterThread: Stopping because end time detected by thread: Ramp-Up 2-23
2025-11-10 21:35:29,045 INFO o.a.j.t.JMeterThread: Thread finished: Ramp-Up 2-23
2025-11-10 21:35:29,046 INFO o.a.j.t.JMeterThread: Stopping because end time detected by thread: Ramp-Up 2-114
2025-11-10 21:35:29,046 INFO o.a.j.t.JMeterThread: Thread finished: Ramp-Up 2-114
2025-11-10 21:35:29,047 INFO o.a.j.t.JMeterThread: Stopping because end time detected by thread: Ramp-Up 2-139
2025-11-10 21:35:29,047 INFO o.a.j.t.JMeterThread: Thread finished: Ramp-Up 2-139
2025-11-10 21:35:29,049 INFO o.a.j.t.JMeterThread: Stopping because end time detected by thread: Ramp-Up 2-40
2025-11-10 21:35:29,049 INFO o.a.j.t.JMeterThread: Thread finished: Ramp-Up 2-40
2025-11-10 21:35:29,050 INFO o.a.j.t.JMeterThread: Stopping because end time detected by thread: Ramp-Up 2-45
2025-11-10 21:35:29,050 INFO o.a.j.t.JMeterThread: Thread finished: Ramp-Up 2-45
2025-11-10 21:35:29,051 INFO o.a.j.t.JMeterThread: Stopping because end time detected by thread: Ramp-Up 2-197
2025-11-10 21:35:29,051 INFO o.a.j.t.JMeterThread: Thread finished: Ramp-Up 2-197
2025-11-10 21:35:29,055 INFO o.a.j.t.JMeterThread: Stopping because end time detected by thread: Ramp-Up 2-25
2025-11-10 21:35:29,055 INFO o.a.j.t.JMeterThread: Thread finished: Ramp-Up 2-25
2025-11-10 21:35:29,056 INFO o.a.j.t.JMeterThread: Stopping because end time detected by thread: Ramp-Up 2-57
2025-11-10 21:35:29,056 INFO o.a.j.t.JMeterThread: Thread finished: Ramp-Up 2-57
2025-11-10 21:35:29,056 INFO o.a.j.t.JMeterThread: Stopping because end time detected by thread: Ramp-Up 2-53
2025-11-10 21:35:29,056 INFO o.a.j.t.JMeterThread: Thread finished: Ramp-Up 2-53
2025-11-10 21:35:29,057 INFO o.a.j.t.JMeterThread: Stopping because end time detected by thread: Ramp-Up 2-113
2025-11-10 21:35:29,057 INFO o.a.j.t.JMeterThread: Thread finished: Ramp-Up 2-113
2025-11-10 21:35:29,058 INFO o.a.j.t.JMeterThread: Stopping because end time detected by thread: Ramp-Up 2-166
2025-11-10 21:35:29,058 INFO o.a.j.t.JMeterThread: Thread finished: Ramp-Up 2-166
2025-11-10 21:35:29,059 INFO o.a.j.t.JMeterThread: Stopping because end time detected by thread: Ramp-Up 2-145
2025-11-10 21:35:29,059 INFO o.a.j.t.JMeterThread: Thread finished: Ramp-Up 2-145
2025-11-10 21:35:29,060 INFO o.a.j.t.JMeterThread: Stopping because end time detected by thread: Ramp-Up 2-101
2025-11-10 21:35:29,060 INFO o.a.j.t.JMeterThread: Thread finished: Ramp-Up 2-101
2025-11-10 21:35:29,061 INFO o.a.j.t.JMeterThread: Stopping because end time detected by thread: Ramp-Up 2-81
2025-11-10 21:35:29,061 INFO o.a.j.t.JMeterThread: Thread finished: Ramp-Up 2-81
2025-11-10 21:35:29,061 INFO o.a.j.t.JMeterThread: Stopping because end time detected by thread: Ramp-Up 2-97
2025-11-10 21:35:29,061 INFO o.a.j.t.JMeterThread: Thread finished: Ramp-Up 2-97
2025-11-10 21:35:29,062 INFO o.a.j.t.JMeterThread: Stopping because end time detected by thread: Ramp-Up 2-10
2025-11-10 21:35:29,062 INFO o.a.j.t.JMeterThread: Thread finished: Ramp-Up 2-10
2025-11-10 21:35:29,063 INFO o.a.j.t.JMeterThread: Stopping because end time detected by thread: Ramp-Up 2-19
2025-11-10 21:35:29,063 INFO o.a.j.t.JMeterThread: Thread finished: Ramp-Up 2-19
2025-11-10 21:35:29,063 INFO o.a.j.t.JMeterThread: Stopping because end time detected by thread: Ramp-Up 2-20
2025-11-10 21:35:29,063 INFO o.a.j.t.JMeterThread: Thread finished: Ramp-Up 2-20
2025-11-10 21:35:29,064 INFO o.a.j.t.JMeterThread: Stopping because end time detected by thread: Ramp-Up 2-79
2025-11-10 21:35:29,064 INFO o.a.j.t.JMeterThread: Thread finished: Ramp-Up 2-79
2025-11-10 21:35:29,065 INFO o.a.j.t.JMeterThread: Stopping because end time detected by thread: Ramp-Up 2-192
2025-11-10 21:35:29,065 INFO o.a.j.t.JMeterThread: Thread finished: Ramp-Up 2-192
2025-11-10 21:35:29,067 INFO o.a.j.t.JMeterThread: Stopping because end time detected by thread: Ramp-Up 2-93
2025-11-10 21:35:29,067 INFO o.a.j.t.JMeterThread: Thread finished: Ramp-Up 2-93
2025-11-10 21:35:29,068 INFO o.a.j.t.JMeterThread: Stopping because end time detected by thread: Ramp-Up 2-157
2025-11-10 21:35:29,068 INFO o.a.j.t.JMeterThread: Thread finished: Ramp-Up 2-157
2025-11-10 21:35:29,069 INFO o.a.j.t.JMeterThread: Stopping because end time detected by thread: Ramp-Up 2-185
2025-11-10 21:35:29,069 INFO o.a.j.t.JMeterThread: Thread finished: Ramp-Up 2-185
2025-11-10 21:35:29,073 INFO o.a.j.t.JMeterThread: Stopping because end time detected by thread: Ramp-Up 2-12
2025-11-10 21:35:29,073 INFO o.a.j.t.JMeterThread: Thread finished: Ramp-Up 2-12
2025-11-10 21:35:29,073 INFO o.a.j.t.JMeterThread: Stopping because end time detected by thread: Ramp-Up 2-152
2025-11-10 21:35:29,073 INFO o.a.j.t.JMeterThread: Thread finished: Ramp-Up 2-152
2025-11-10 21:35:29,074 INFO o.a.j.t.JMeterThread: Stopping because end time detected by thread: Ramp-Up 2-154
2025-11-10 21:35:29,074 INFO o.a.j.t.JMeterThread: Thread finished: Ramp-Up 2-154
2025-11-10 21:35:29,074 INFO o.a.j.t.JMeterThread: Stopping because end time detected by thread: Ramp-Up 2-28
2025-11-10 21:35:29,074 INFO o.a.j.t.JMeterThread: Stopping because end time detected by thread: Ramp-Up 2-35
2025-11-10 21:35:29,075 INFO o.a.j.t.JMeterThread: Thread finished: Ramp-Up 2-28
2025-11-10 21:35:29,075 INFO o.a.j.t.JMeterThread: Thread finished: Ramp-Up 2-35
2025-11-10 21:35:29,075 INFO o.a.j.t.JMeterThread: Stopping because end time detected by thread: Ramp-Up 2-165
2025-11-10 21:35:29,075 INFO o.a.j.t.JMeterThread: Thread finished: Ramp-Up 2-165
2025-11-10 21:35:29,075 INFO o.a.j.t.JMeterThread: Stopping because end time detected by thread: Ramp-Up 2-168
2025-11-10 21:35:29,075 INFO o.a.j.t.JMeterThread: Thread finished: Ramp-Up 2-168
2025-11-10 21:35:29,076 INFO o.a.j.t.JMeterThread: Stopping because end time detected by thread: Ramp-Up 2-133
2025-11-10 21:35:29,076 INFO o.a.j.t.JMeterThread: Thread finished: Ramp-Up 2-133
2025-11-10 21:35:29,076 INFO o.a.j.t.JMeterThread: Stopping because end time detected by thread: Ramp-Up 2-177
2025-11-10 21:35:29,076 INFO o.a.j.t.JMeterThread: Thread finished: Ramp-Up 2-177
2025-11-10 21:35:29,077 INFO o.a.j.t.JMeterThread: Stopping because end time detected by thread: Ramp-Up 2-144
2025-11-10 21:35:29,077 INFO o.a.j.t.JMeterThread: Thread finished: Ramp-Up 2-144
2025-11-10 21:35:29,077 INFO o.a.j.t.JMeterThread: Stopping because end time detected by thread: Ramp-Up 2-61
2025-11-10 21:35:29,077 INFO o.a.j.t.JMeterThread: Thread finished: Ramp-Up 2-61
2025-11-10 21:35:29,078 INFO o.a.j.t.JMeterThread: Stopping because end time detected by thread: Ramp-Up 2-158
2025-11-10 21:35:29,078 INFO o.a.j.t.JMeterThread: Thread finished: Ramp-Up 2-158
2025-11-10 21:35:29,078 INFO o.a.j.t.JMeterThread: Stopping because end time detected by thread: Ramp-Up 2-99
2025-11-10 21:35:29,078 INFO o.a.j.t.JMeterThread: Thread finished: Ramp-Up 2-99
2025-11-10 21:35:29,079 INFO o.a.j.t.JMeterThread: Stopping because end time detected by thread: Ramp-Up 2-31
2025-11-10 21:35:29,079 INFO o.a.j.t.JMeterThread: Thread finished: Ramp-Up 2-31
2025-11-10 21:35:29,080 INFO o.a.j.t.JMeterThread: Stopping because end time detected by thread: Ramp-Up 2-173
2025-11-10 21:35:29,080 INFO o.a.j.t.JMeterThread: Thread finished: Ramp-Up 2-173
2025-11-10 21:35:29,080 INFO o.a.j.t.JMeterThread: Stopping because end time detected by thread: Ramp-Up 2-38
2025-11-10 21:35:29,080 INFO o.a.j.t.JMeterThread: Thread finished: Ramp-Up 2-38
2025-11-10 21:35:29,080 INFO o.a.j.t.JMeterThread: Stopping because end time detected by thread: Ramp-Up 2-33
2025-11-10 21:35:29,080 INFO o.a.j.t.JMeterThread: Thread finished: Ramp-Up 2-33
2025-11-10 21:35:29,082 INFO o.a.j.t.JMeterThread: Stopping because end time detected by thread: Ramp-Up 2-169
2025-11-10 21:35:29,082 INFO o.a.j.t.JMeterThread: Thread finished: Ramp-Up 2-169
2025-11-10 21:35:29,082 INFO o.a.j.t.JMeterThread: Stopping because end time detected by thread: Ramp-Up 2-14
2025-11-10 21:35:29,082 INFO o.a.j.t.JMeterThread: Thread finished: Ramp-Up 2-14
2025-11-10 21:35:29,083 INFO o.a.j.t.JMeterThread: Stopping because end time detected by thread: Ramp-Up 2-147
2025-11-10 21:35:29,083 INFO o.a.j.t.JMeterThread: Thread finished: Ramp-Up 2-147
2025-11-10 21:35:29,084 INFO o.a.j.t.JMeterThread: Stopping because end time detected by thread: Ramp-Up 2-110
2025-11-10 21:35:29,084 INFO o.a.j.t.JMeterThread: Thread finished: Ramp-Up 2-110
2025-11-10 21:35:29,085 INFO o.a.j.t.JMeterThread: Stopping because end time detected by thread: Ramp-Up 2-9
2025-11-10 21:35:29,085 INFO o.a.j.t.JMeterThread: Thread finished: Ramp-Up 2-9
2025-11-10 21:35:29,085 INFO o.a.j.t.JMeterThread: Stopping because end time detected by thread: Ramp-Up 2-193
2025-11-10 21:35:29,085 INFO o.a.j.t.JMeterThread: Thread finished: Ramp-Up 2-193
2025-11-10 21:35:29,086 INFO o.a.j.t.JMeterThread: Stopping because end time detected by thread: Ramp-Up 2-49
2025-11-10 21:35:29,086 INFO o.a.j.t.JMeterThread: Thread finished: Ramp-Up 2-49
2025-11-10 21:35:29,089 INFO o.a.j.t.JMeterThread: Stopping because end time detected by thread: Ramp-Up 2-176
2025-11-10 21:35:29,089 INFO o.a.j.t.JMeterThread: Thread finished: Ramp-Up 2-176
2025-11-10 21:35:29,090 INFO o.a.j.t.JMeterThread: Stopping because end time detected by thread: Ramp-Up 2-187
2025-11-10 21:35:29,090 INFO o.a.j.t.JMeterThread: Thread finished: Ramp-Up 2-187
2025-11-10 21:35:29,090 INFO o.a.j.t.JMeterThread: Stopping because end time detected by thread: Ramp-Up 2-200
2025-11-10 21:35:29,090 INFO o.a.j.t.JMeterThread: Thread finished: Ramp-Up 2-200
2025-11-10 21:35:29,091 INFO o.a.j.t.JMeterThread: Stopping because end time detected by thread: Ramp-Up 2-162
2025-11-10 21:35:29,091 INFO o.a.j.t.JMeterThread: Thread finished: Ramp-Up 2-162
2025-11-10 21:35:29,092 INFO o.a.j.t.JMeterThread: Stopping because end time detected by thread: Ramp-Up 2-191
2025-11-10 21:35:29,092 INFO o.a.j.t.JMeterThread: Thread finished: Ramp-Up 2-191
2025-11-10 21:35:29,092 INFO o.a.j.t.JMeterThread: Stopping because end time detected by thread: Ramp-Up 2-198
2025-11-10 21:35:29,092 INFO o.a.j.t.JMeterThread: Thread finished: Ramp-Up 2-198
2025-11-10 21:35:29,093 INFO o.a.j.t.JMeterThread: Stopping because end time detected by thread: Ramp-Up 2-90
2025-11-10 21:35:29,093 INFO o.a.j.t.JMeterThread: Thread finished: Ramp-Up 2-90
2025-11-10 21:35:29,093 INFO o.a.j.t.JMeterThread: Stopping because end time detected by thread: Ramp-Up 2-129
2025-11-10 21:35:29,093 INFO o.a.j.t.JMeterThread: Thread finished: Ramp-Up 2-129
2025-11-10 21:35:29,094 INFO o.a.j.t.JMeterThread: Stopping because end time detected by thread: Ramp-Up 2-6
2025-11-10 21:35:29,094 INFO o.a.j.t.JMeterThread: Thread finished: Ramp-Up 2-6
2025-11-10 21:35:29,096 INFO o.a.j.t.JMeterThread: Stopping because end time detected by thread: Ramp-Up 2-117
2025-11-10 21:35:29,096 INFO o.a.j.t.JMeterThread: Thread finished: Ramp-Up 2-117
2025-11-10 21:35:29,096 INFO o.a.j.t.JMeterThread: Stopping because end time detected by thread: Ramp-Up 2-149
2025-11-10 21:35:29,096 INFO o.a.j.t.JMeterThread: Thread finished: Ramp-Up 2-149
2025-11-10 21:35:29,097 INFO o.a.j.t.JMeterThread: Stopping because end time detected by thread: Ramp-Up 2-123
2025-11-10 21:35:29,097 INFO o.a.j.t.JMeterThread: Thread finished: Ramp-Up 2-123
2025-11-10 21:35:29,097 INFO o.a.j.t.JMeterThread: Stopping because end time detected by thread: Ramp-Up 2-179
2025-11-10 21:35:29,098 INFO o.a.j.t.JMeterThread: Thread finished: Ramp-Up 2-179
2025-11-10 21:35:29,098 INFO o.a.j.t.JMeterThread: Stopping because end time detected by thread: Ramp-Up 2-160
2025-11-10 21:35:29,098 INFO o.a.j.t.JMeterThread: Thread finished: Ramp-Up 2-160
2025-11-10 21:35:29,099 INFO o.a.j.t.JMeterThread: Stopping because end time detected by thread: Ramp-Up 2-172
2025-11-10 21:35:29,099 INFO o.a.j.t.JMeterThread: Thread finished: Ramp-Up 2-172
2025-11-10 21:35:29,100 INFO o.a.j.t.JMeterThread: Stopping because end time detected by thread: Ramp-Up 2-89
2025-11-10 21:35:29,100 INFO o.a.j.t.JMeterThread: Thread finished: Ramp-Up 2-89
2025-11-10 21:35:29,101 INFO o.a.j.t.JMeterThread: Stopping because end time detected by thread: Ramp-Up 2-80
2025-11-10 21:35:29,101 INFO o.a.j.t.JMeterThread: Thread finished: Ramp-Up 2-80
2025-11-10 21:35:29,102 INFO o.a.j.t.JMeterThread: Stopping because end time detected by thread: Ramp-Up 2-60
2025-11-10 21:35:29,102 INFO o.a.j.t.JMeterThread: Thread finished: Ramp-Up 2-60
2025-11-10 21:35:29,102 INFO o.a.j.t.JMeterThread: Stopping because end time detected by thread: Ramp-Up 2-11
2025-11-10 21:35:29,102 INFO o.a.j.t.JMeterThread: Thread finished: Ramp-Up 2-11
2025-11-10 21:35:29,103 INFO o.a.j.t.JMeterThread: Stopping because end time detected by thread: Ramp-Up 2-86
2025-11-10 21:35:29,103 INFO o.a.j.t.JMeterThread: Thread finished: Ramp-Up 2-86
2025-11-10 21:35:29,106 INFO o.a.j.t.JMeterThread: Stopping because end time detected by thread: Ramp-Up 2-47
2025-11-10 21:35:29,106 INFO o.a.j.t.JMeterThread: Thread finished: Ramp-Up 2-47
2025-11-10 21:35:29,108 INFO o.a.j.t.JMeterThread: Stopping because end time detected by thread: Ramp-Up 2-106
2025-11-10 21:35:29,108 INFO o.a.j.t.JMeterThread: Thread finished: Ramp-Up 2-106
2025-11-10 21:35:29,109 INFO o.a.j.t.JMeterThread: Stopping because end time detected by thread: Ramp-Up 2-42
2025-11-10 21:35:29,109 INFO o.a.j.t.JMeterThread: Thread finished: Ramp-Up 2-42
2025-11-10 21:35:29,110 INFO o.a.j.t.JMeterThread: Stopping because end time detected by thread: Ramp-Up 2-98
2025-11-10 21:35:29,110 INFO o.a.j.t.JMeterThread: Thread finished: Ramp-Up 2-98
2025-11-10 21:35:29,111 INFO o.a.j.t.JMeterThread: Stopping because end time detected by thread: Ramp-Up 2-161
2025-11-10 21:35:29,111 INFO o.a.j.t.JMeterThread: Thread finished: Ramp-Up 2-161
2025-11-10 21:35:29,112 INFO o.a.j.t.JMeterThread: Stopping because end time detected by thread: Ramp-Up 2-21
2025-11-10 21:35:29,112 INFO o.a.j.t.JMeterThread: Thread finished: Ramp-Up 2-21
2025-11-10 21:35:29,113 INFO o.a.j.t.JMeterThread: Stopping because end time detected by thread: Ramp-Up 2-164
2025-11-10 21:35:29,113 INFO o.a.j.t.JMeterThread: Thread finished: Ramp-Up 2-164
2025-11-10 21:35:29,114 INFO o.a.j.t.JMeterThread: Stopping because end time detected by thread: Ramp-Up 2-120
2025-11-10 21:35:29,114 INFO o.a.j.t.JMeterThread: Thread finished: Ramp-Up 2-120
2025-11-10 21:35:29,116 INFO o.a.j.t.JMeterThread: Stopping because end time detected by thread: Ramp-Up 2-66
2025-11-10 21:35:29,116 INFO o.a.j.t.JMeterThread: Thread finished: Ramp-Up 2-66
2025-11-10 21:35:29,116 INFO o.a.j.t.JMeterThread: Stopping because end time detected by thread: Ramp-Up 2-32
2025-11-10 21:35:29,117 INFO o.a.j.t.JMeterThread: Thread finished: Ramp-Up 2-32
2025-11-10 21:35:29,124 INFO o.a.j.t.JMeterThread: Stopping because end time detected by thread: Ramp-Up 2-167
2025-11-10 21:35:29,124 INFO o.a.j.t.JMeterThread: Thread finished: Ramp-Up 2-167
2025-11-10 21:35:29,134 INFO o.a.j.t.JMeterThread: Stopping because end time detected by thread: Ramp-Up 2-124
2025-11-10 21:35:29,134 INFO o.a.j.t.JMeterThread: Thread finished: Ramp-Up 2-124
2025-11-10 21:35:29,136 INFO o.a.j.t.JMeterThread: Stopping because end time detected by thread: Ramp-Up 2-65
2025-11-10 21:35:29,136 INFO o.a.j.t.JMeterThread: Thread finished: Ramp-Up 2-65
2025-11-10 21:35:29,136 INFO o.a.j.t.JMeterThread: Stopping because end time detected by thread: Ramp-Up 2-85
2025-11-10 21:35:29,136 INFO o.a.j.t.JMeterThread: Thread finished: Ramp-Up 2-85
2025-11-10 21:35:29,136 INFO o.a.j.t.JMeterThread: Stopping because end time detected by thread: Ramp-Up 2-13
2025-11-10 21:35:29,136 INFO o.a.j.t.JMeterThread: Thread finished: Ramp-Up 2-13
2025-11-10 21:35:29,136 INFO o.a.j.t.JMeterThread: Stopping because end time detected by thread: Ramp-Up 2-1
2025-11-10 21:35:29,136 INFO o.a.j.t.JMeterThread: Thread finished: Ramp-Up 2-1
2025-11-10 21:35:29,136 INFO o.a.j.t.JMeterThread: Stopping because end time detected by thread: Ramp-Up 2-196
2025-11-10 21:35:29,136 INFO o.a.j.t.JMeterThread: Thread finished: Ramp-Up 2-196
2025-11-10 21:35:29,136 INFO o.a.j.t.JMeterThread: Stopping because end time detected by thread: Ramp-Up 2-2
2025-11-10 21:35:29,136 INFO o.a.j.t.JMeterThread: Thread finished: Ramp-Up 2-2
2025-11-10 21:35:29,136 INFO o.a.j.t.JMeterThread: Stopping because end time detected by thread: Ramp-Up 2-180
2025-11-10 21:35:29,136 INFO o.a.j.t.JMeterThread: Thread finished: Ramp-Up 2-180
2025-11-10 21:35:29,137 INFO o.a.j.t.JMeterThread: Stopping because end time detected by thread: Ramp-Up 2-103
2025-11-10 21:35:29,137 INFO o.a.j.t.JMeterThread: Thread finished: Ramp-Up 2-103
2025-11-10 21:35:29,137 INFO o.a.j.t.JMeterThread: Stopping because end time detected by thread: Ramp-Up 2-132
2025-11-10 21:35:29,137 INFO o.a.j.t.JMeterThread: Thread finished: Ramp-Up 2-132
2025-11-10 21:35:29,137 INFO o.a.j.t.JMeterThread: Stopping because end time detected by thread: Ramp-Up 2-54
2025-11-10 21:35:29,137 INFO o.a.j.t.JMeterThread: Thread finished: Ramp-Up 2-54
2025-11-10 21:35:29,137 INFO o.a.j.t.JMeterThread: Stopping because end time detected by thread: Ramp-Up 2-3
2025-11-10 21:35:29,137 INFO o.a.j.t.JMeterThread: Thread finished: Ramp-Up 2-3
2025-11-10 21:35:29,137 INFO o.a.j.t.JMeterThread: Stopping because end time detected by thread: Ramp-Up 2-71
2025-11-10 21:35:29,137 INFO o.a.j.t.JMeterThread: Thread finished: Ramp-Up 2-71
2025-11-10 21:35:29,136 INFO o.a.j.t.JMeterThread: Stopping because end time detected by thread: Ramp-Up 2-138
2025-11-10 21:35:29,136 INFO o.a.j.t.JMeterThread: Stopping because end time detected by thread: Ramp-Up 2-111
2025-11-10 21:35:29,157 INFO o.a.j.t.JMeterThread: Thread finished: Ramp-Up 2-111
2025-11-10 21:35:29,157 INFO o.a.j.t.JMeterThread: Thread finished: Ramp-Up 2-138
2025-11-10 21:35:29,157 INFO o.a.j.t.JMeterThread: Stopping because end time detected by thread: Ramp-Up 2-178
2025-11-10 21:35:29,157 INFO o.a.j.t.JMeterThread: Thread finished: Ramp-Up 2-178
2025-11-10 21:35:29,157 INFO o.a.j.t.JMeterThread: Stopping because end time detected by thread: Ramp-Up 2-70
2025-11-10 21:35:29,157 INFO o.a.j.t.JMeterThread: Thread finished: Ramp-Up 2-70
2025-11-10 21:35:29,157 INFO o.a.j.t.JMeterThread: Stopping because end time detected by thread: Ramp-Up 2-136
2025-11-10 21:35:29,157 INFO o.a.j.t.JMeterThread: Thread finished: Ramp-Up 2-136
2025-11-10 21:35:29,157 INFO o.a.j.t.JMeterThread: Stopping because end time detected by thread: Ramp-Up 2-182
2025-11-10 21:35:29,157 INFO o.a.j.t.JMeterThread: Thread finished: Ramp-Up 2-182
2025-11-10 21:35:29,157 INFO o.a.j.t.JMeterThread: Stopping because end time detected by thread: Ramp-Up 2-83
2025-11-10 21:35:29,157 INFO o.a.j.t.JMeterThread: Thread finished: Ramp-Up 2-83
2025-11-10 21:35:29,158 INFO o.a.j.t.JMeterThread: Stopping because end time detected by thread: Ramp-Up 2-52
2025-11-10 21:35:29,158 INFO o.a.j.t.JMeterThread: Thread finished: Ramp-Up 2-52
2025-11-10 21:35:29,244 INFO o.a.j.t.JMeterThread: Stopping because end time detected by thread: Ramp-Up 2-140
2025-11-10 21:35:29,244 INFO o.a.j.t.JMeterThread: Thread finished: Ramp-Up 2-140
2025-11-10 21:35:29,245 INFO o.a.j.t.JMeterThread: Stopping because end time detected by thread: Ramp-Up 2-74
2025-11-10 21:35:29,245 INFO o.a.j.t.JMeterThread: Thread finished: Ramp-Up 2-74
2025-11-10 21:35:29,245 INFO o.a.j.t.JMeterThread: Stopping because end time detected by thread: Ramp-Up 2-130
2025-11-10 21:35:29,245 INFO o.a.j.t.JMeterThread: Thread finished: Ramp-Up 2-130
2025-11-10 21:35:29,294 INFO o.a.j.t.JMeterThread: Stopping because end time detected by thread: Ramp-Up 2-189
2025-11-10 21:35:29,294 INFO o.a.j.t.JMeterThread: Thread finished: Ramp-Up 2-189
2025-11-10 21:35:29,297 INFO o.a.j.t.JMeterThread: Stopping because end time detected by thread: Ramp-Up 2-175
2025-11-10 21:35:29,297 INFO o.a.j.t.JMeterThread: Thread finished: Ramp-Up 2-175
2025-11-10 21:35:29,325 INFO o.a.j.t.JMeterThread: Stopping because end time detected by thread: Ramp-Up 2-92
2025-11-10 21:35:29,325 INFO o.a.j.t.JMeterThread: Thread finished: Ramp-Up 2-92
2025-11-10 21:35:29,328 INFO o.a.j.t.JMeterThread: Stopping because end time detected by thread: Ramp-Up 2-163
2025-11-10 21:35:29,328 INFO o.a.j.t.JMeterThread: Stopping because end time detected by thread: Ramp-Up 2-107
2025-11-10 21:35:29,328 INFO o.a.j.t.JMeterThread: Thread finished: Ramp-Up 2-163
2025-11-10 21:35:29,328 INFO o.a.j.t.JMeterThread: Thread finished: Ramp-Up 2-107
2025-11-10 21:35:29,332 INFO o.a.j.t.JMeterThread: Stopping because end time detected by thread: Ramp-Up 2-67
2025-11-10 21:35:29,332 INFO o.a.j.t.JMeterThread: Thread finished: Ramp-Up 2-67
2025-11-10 21:35:29,333 INFO o.a.j.t.JMeterThread: Stopping because end time detected by thread: Ramp-Up 2-153
2025-11-10 21:35:29,333 INFO o.a.j.t.JMeterThread: Thread finished: Ramp-Up 2-153
2025-11-10 21:35:29,332 INFO o.a.j.t.JMeterThread: Stopping because end time detected by thread: Ramp-Up 2-44
2025-11-10 21:35:29,333 INFO o.a.j.t.JMeterThread: Thread finished: Ramp-Up 2-44
2025-11-10 21:35:29,335 INFO o.a.j.t.JMeterThread: Stopping because end time detected by thread: Ramp-Up 2-112
2025-11-10 21:35:29,335 INFO o.a.j.t.JMeterThread: Thread finished: Ramp-Up 2-112
2025-11-10 21:35:29,335 INFO o.a.j.t.JMeterThread: Stopping because end time detected by thread: Ramp-Up 2-72
2025-11-10 21:35:29,335 INFO o.a.j.t.JMeterThread: Thread finished: Ramp-Up 2-72
2025-11-10 21:35:29,336 INFO o.a.j.t.JMeterThread: Stopping because end time detected by thread: Ramp-Up 2-108
2025-11-10 21:35:29,336 INFO o.a.j.t.JMeterThread: Thread finished: Ramp-Up 2-108
2025-11-10 21:35:29,336 INFO o.a.j.t.JMeterThread: Stopping because end time detected by thread: Ramp-Up 2-91
2025-11-10 21:35:29,336 INFO o.a.j.t.JMeterThread: Thread finished: Ramp-Up 2-91
2025-11-10 21:35:29,336 INFO o.a.j.t.JMeterThread: Stopping because end time detected by thread: Ramp-Up 2-122
2025-11-10 21:35:29,336 INFO o.a.j.t.JMeterThread: Thread finished: Ramp-Up 2-122
2025-11-10 21:35:29,336 INFO o.a.j.t.JMeterThread: Stopping because end time detected by thread: Ramp-Up 2-109
2025-11-10 21:35:29,336 INFO o.a.j.t.JMeterThread: Thread finished: Ramp-Up 2-109
2025-11-10 21:35:29,336 INFO o.a.j.t.JMeterThread: Stopping because end time detected by thread: Ramp-Up 2-105
2025-11-10 21:35:29,337 INFO o.a.j.t.JMeterThread: Thread finished: Ramp-Up 2-105
2025-11-10 21:35:29,337 INFO o.a.j.t.JMeterThread: Stopping because end time detected by thread: Ramp-Up 2-50
2025-11-10 21:35:29,337 INFO o.a.j.t.JMeterThread: Stopping because end time detected by thread: Ramp-Up 2-95
2025-11-10 21:35:29,337 INFO o.a.j.t.JMeterThread: Stopping because end time detected by thread: Ramp-Up 2-75
2025-11-10 21:35:29,337 INFO o.a.j.t.JMeterThread: Thread finished: Ramp-Up 2-75
2025-11-10 21:35:29,337 INFO o.a.j.t.JMeterThread: Thread finished: Ramp-Up 2-50
2025-11-10 21:35:29,337 INFO o.a.j.t.JMeterThread: Stopping because end time detected by thread: Ramp-Up 2-15
2025-11-10 21:35:29,337 INFO o.a.j.t.JMeterThread: Thread finished: Ramp-Up 2-15
2025-11-10 21:35:29,337 INFO o.a.j.t.JMeterThread: Thread finished: Ramp-Up 2-95
2025-11-10 21:35:29,337 INFO o.a.j.t.JMeterThread: Stopping because end time detected by thread: Ramp-Up 2-51
2025-11-10 21:35:29,337 INFO o.a.j.t.JMeterThread: Thread finished: Ramp-Up 2-51
2025-11-10 21:35:29,338 INFO o.a.j.t.JMeterThread: Stopping because end time detected by thread: Ramp-Up 2-16
2025-11-10 21:35:29,338 INFO o.a.j.t.JMeterThread: Thread finished: Ramp-Up 2-16
2025-11-10 21:35:29,338 INFO o.a.j.t.JMeterThread: Stopping because end time detected by thread: Ramp-Up 2-137
2025-11-10 21:35:29,338 INFO o.a.j.t.JMeterThread: Thread finished: Ramp-Up 2-137
2025-11-10 21:35:29,338 INFO o.a.j.t.JMeterThread: Stopping because end time detected by thread: Ramp-Up 2-151
2025-11-10 21:35:29,338 INFO o.a.j.t.JMeterThread: Stopping because end time detected by thread: Ramp-Up 2-64
2025-11-10 21:35:29,338 INFO o.a.j.t.JMeterThread: Thread finished: Ramp-Up 2-151
2025-11-10 21:35:29,338 INFO o.a.j.t.JMeterThread: Thread finished: Ramp-Up 2-64
2025-11-10 21:35:29,338 INFO o.a.j.t.JMeterThread: Stopping because end time detected by thread: Ramp-Up 2-186
2025-11-10 21:35:29,338 INFO o.a.j.t.JMeterThread: Thread finished: Ramp-Up 2-186
2025-11-10 21:35:29,338 INFO o.a.j.t.JMeterThread: Stopping because end time detected by thread: Ramp-Up 2-4
2025-11-10 21:35:29,338 INFO o.a.j.t.JMeterThread: Thread finished: Ramp-Up 2-4
2025-11-10 21:35:29,338 INFO o.a.j.t.JMeterThread: Stopping because end time detected by thread: Ramp-Up 2-43
2025-11-10 21:35:29,338 INFO o.a.j.t.JMeterThread: Thread finished: Ramp-Up 2-43
2025-11-10 21:35:29,339 INFO o.a.j.t.JMeterThread: Stopping because end time detected by thread: Ramp-Up 2-121
2025-11-10 21:35:29,339 INFO o.a.j.t.JMeterThread: Thread finished: Ramp-Up 2-121
2025-11-10 21:35:29,339 INFO o.a.j.t.JMeterThread: Stopping because end time detected by thread: Ramp-Up 2-63
2025-11-10 21:35:29,339 INFO o.a.j.t.JMeterThread: Thread finished: Ramp-Up 2-63
2025-11-10 21:35:29,339 INFO o.a.j.t.JMeterThread: Stopping because end time detected by thread: Ramp-Up 2-146
2025-11-10 21:35:29,339 INFO o.a.j.t.JMeterThread: Thread finished: Ramp-Up 2-146
2025-11-10 21:35:29,339 INFO o.a.j.t.JMeterThread: Stopping because end time detected by thread: Ramp-Up 2-59
2025-11-10 21:35:29,339 INFO o.a.j.t.JMeterThread: Stopping because end time detected by thread: Ramp-Up 2-39
2025-11-10 21:35:29,339 INFO o.a.j.t.JMeterThread: Thread finished: Ramp-Up 2-59
2025-11-10 21:35:29,339 INFO o.a.j.t.JMeterThread: Thread finished: Ramp-Up 2-39
2025-11-10 21:35:29,339 INFO o.a.j.t.JMeterThread: Stopping because end time detected by thread: Ramp-Up 2-156
2025-11-10 21:35:29,339 INFO o.a.j.t.JMeterThread: Thread finished: Ramp-Up 2-156
2025-11-10 21:35:29,358 INFO o.a.j.t.JMeterThread: Stopping because end time detected by thread: Ramp-Up 2-27
2025-11-10 21:35:29,358 INFO o.a.j.t.JMeterThread: Thread finished: Ramp-Up 2-27
2025-11-10 21:35:29,365 INFO o.a.j.t.JMeterThread: Stopping because end time detected by thread: Ramp-Up 2-7
2025-11-10 21:35:29,365 INFO o.a.j.t.JMeterThread: Thread finished: Ramp-Up 2-7
2025-11-10 21:35:30,000 INFO o.a.j.r.Summariser: summary + 812591 in 00:00:30 = 27086.4/s Avg:     4 Min:     0 Max:   898 Err: 812591 (100.00%) Active: 150 Started: 930 Finished: 780
2025-11-10 21:35:30,000 INFO o.a.j.r.Summariser: summary = 1400627 in 00:01:01 = 22945.7/s Avg:    11 Min:     0 Max:  1920 Err: 1400627 (100.00%)
2025-11-10 21:36:00,003 INFO o.a.j.r.Summariser: summary + 671021 in 00:00:30 = 22365.9/s Avg:     2 Min:     0 Max:   550 Err: 671021 (100.00%) Active: 150 Started: 930 Finished: 780
2025-11-10 21:36:00,004 INFO o.a.j.r.Summariser: summary = 2071648 in 00:01:31 = 22754.6/s Avg:     8 Min:     0 Max:  1920 Err: 2071648 (100.00%)
2025-11-10 21:36:30,000 INFO o.a.j.r.Summariser: summary + 541548 in 00:00:30 = 18052.8/s Avg:     4 Min:     0 Max:   682 Err: 541548 (100.00%) Active: 150 Started: 930 Finished: 780
2025-11-10 21:36:30,000 INFO o.a.j.r.Summariser: summary = 2613196 in 00:02:01 = 21589.3/s Avg:     7 Min:     0 Max:  1920 Err: 2613196 (100.00%)
2025-11-10 21:37:00,000 INFO o.a.j.r.Summariser: summary + 564144 in 00:00:30 = 18804.8/s Avg:     3 Min:     0 Max:   696 Err: 564144 (100.00%) Active: 150 Started: 930 Finished: 780
2025-11-10 21:37:00,000 INFO o.a.j.r.Summariser: summary = 3177340 in 00:02:31 = 21036.3/s Avg:     7 Min:     0 Max:  1920 Err: 3177340 (100.00%)
2025-11-10 21:37:30,059 INFO o.a.j.r.Summariser: summary + 689916 in 00:00:30 = 22952.1/s Avg:     2 Min:     0 Max:   920 Err: 689916 (100.00%) Active: 150 Started: 930 Finished: 780
2025-11-10 21:37:30,059 INFO o.a.j.r.Summariser: summary = 3867256 in 00:03:01 = 21354.3/s Avg:     6 Min:     0 Max:  1920 Err: 3867256 (100.00%)
2025-11-10 21:37:46,650 INFO o.a.j.r.ResultCollector: Shutdown hook started
2025-11-10 21:37:46,651 INFO o.a.j.r.ResultCollector: Shutdown hook ended
